#
# There is insufficient memory for the Java Runtime Environment to continue.
# Native memory allocation (mmap) failed to map 6878658560 bytes. Error detail: committing reserved memory.
# Possible reasons:
#   The system is out of physical RAM or swap space
#   This process is running with CompressedOops enabled, and the Java Heap may be blocking the growth of the native heap
# Possible solutions:
#   Reduce memory load on the system
#   Increase physical memory or swap space
#   Check if swap backing store is full
#   Decrease Java heap size (-Xmx/-Xms)
#   Decrease number of Java threads
#   Decrease Java thread stack sizes (-Xss)
#   Set larger code cache with -XX:ReservedCodeCacheSize=
#   JVM is running with Zero Based Compressed Oops mode in which the Java heap is
#     placed in the first 32GB address space. The Java Heap base address is the
#     maximum limit for the native heap growth. Please use -XX:HeapBaseMinAddress
#     to set the Java Heap base and to place the Java Heap above 32GB virtual address.
# This output file may be truncated or incomplete.
#
#  Out of Memory Error (os_linux.cpp:2829), pid=753178, tid=753186
#
# JRE version: OpenJDK Runtime Environment (21.0.9+10) (build 21.0.9+10-Ubuntu-125.04)
# Java VM: OpenJDK 64-Bit Server VM (21.0.9+10-Ubuntu-125.04, mixed mode, sharing, tiered, compressed oops, compressed class ptrs, g1 gc, linux-amd64)
# Core dump will be written. Default location: Core dumps may be processed with "/usr/share/apport/apport -p%p -s%s -c%c -d%d -P%P -u%u -g%g -F%F -- %E" (or dumping to /home/betty/core.753178)
#

---------------  S U M M A R Y ------------

Command Line: -Xmx24G -Xms1G -Dfml.queryResult=confirm /home/betty/server.jar nogui

Host: DO-Regular, 2 cores, 3G, Ubuntu 25.04
Time: Sun Jan 11 17:40:18 2026 MST elapsed time: 2540.816180 seconds (0d 0h 42m 20s)

---------------  T H R E A D  ---------------

Current thread (0x00007b59400c0150):  VMThread "VM Thread"          [id=753186, stack(0x00007b5944022000,0x00007b5944122000) (1024K)]

Stack: [0x00007b5944022000,0x00007b5944122000],  sp=0x00007b594411fcc0,  free space=1015k
Native frames: (J=compiled Java code, j=interpreted, Vv=VM code, C=native code)
V  [libjvm.so+0x106b5a2]  VMError::report_and_die(int, char const*, char const*, __va_list_tag*, Thread*, unsigned char*, void*, void*, char const*, int, unsigned long)+0x282  (os_linux.cpp:2829)
V  [libjvm.so+0x106c001]
V  [libjvm.so+0x6cb651]
V  [libjvm.so+0xd423fd]  os::pd_commit_memory_or_exit(char*, unsigned long, unsigned long, bool, char const*)+0xdd
V  [libjvm.so+0xd3bb4f]  os::commit_memory_or_exit(char*, unsigned long, unsigned long, bool, char const*)+0x1f
V  [libjvm.so+0x83022b]  G1PageBasedVirtualSpace::commit(unsigned long, unsigned long)+0x10b
V  [libjvm.so+0x84672b]  G1RegionsLargerThanCommitSizeMapper::commit_regions(unsigned int, unsigned long, WorkerThreads*)+0xab
V  [libjvm.so+0x8d8eba]  HeapRegionManager::commit_regions(unsigned int, unsigned long, WorkerThreads*)+0x5a
V  [libjvm.so+0x8dab2f]  HeapRegionManager::expand(unsigned int, unsigned int, WorkerThreads*)+0x2f
V  [libjvm.so+0x8dad45]  HeapRegionManager::expand_by(unsigned int, WorkerThreads*)+0x75
V  [libjvm.so+0x7e6d2c]  G1CollectedHeap::expand(unsigned long, WorkerThreads*, double*)+0xfc
V  [libjvm.so+0x7e759b]  G1CollectedHeap::expand_heap_after_young_collection()+0x4b
V  [libjvm.so+0x86bada]  G1YoungCollector::post_evacuate_collection_set(G1EvacInfo*, G1ParScanThreadStateSet*)+0x20a
V  [libjvm.so+0x86bef1]  G1YoungCollector::collect()+0x401
V  [libjvm.so+0x7e4945]  G1CollectedHeap::do_collection_pause_at_safepoint_helper()+0x105
V  [libjvm.so+0x7e4abf]  G1CollectedHeap::do_collection_pause_at_safepoint()+0x2f
V  [libjvm.so+0x869df0]  VM_G1CollectForAllocation::doit()+0x60
V  [libjvm.so+0x107128c]  VM_Operation::evaluate()+0xfc
V  [libjvm.so+0x1074974]  VMThread::evaluate_operation(VM_Operation*)+0x144
V  [libjvm.so+0x1075667]  VMThread::inner_execute(VM_Operation*)+0x337
V  [libjvm.so+0x1075967]  VMThread::run()+0xb7
V  [libjvm.so+0xfdd417]  Thread::call_run()+0xa7
V  [libjvm.so+0xd458d5]  thread_native_entry(Thread*)+0xd5
C  [libc.so.6+0xa27f1]
VM_Operation (0x00007b5882ffe530): G1CollectForAllocation, mode: safepoint, requested by thread 0x00007b589c003cd0


---------------  P R O C E S S  ---------------

Threads class SMR info:
_java_thread_list=0x00007b58ac0e2a00, length=103, elements={
0x00007b59400c9100, 0x00007b59400ca670, 0x00007b59400cbe00, 0x00007b59400cd440,
0x00007b59400ce9e0, 0x00007b59400d0520, 0x00007b59400d1be0, 0x00007b59400eda60,
0x00007b59400f0d40, 0x00007b5940019230, 0x00007b58947e1ff0, 0x00007b5894b96fc0,
0x00007b5896dd8300, 0x00007b5896e36d70, 0x00007b5896e4af70, 0x00007b5895597ed0,
0x00007b589720e830, 0x00007b5888115190, 0x00007b5888818f40, 0x00007b5888bd7080,
0x00007b5888bd7bc0, 0x00007b58896b8d50, 0x00007b58890e12a0, 0x00007b5889b57aa0,
0x00007b5888dd1bb0, 0x00007b5888dd2d20, 0x000060d1bc65d640, 0x00007b588c9c0bc0,
0x00007b58889c4650, 0x00007b5894002520, 0x00007b589000c2b0, 0x00007b5889262880,
0x00007b58895cae70, 0x00007b588949a6a0, 0x00007b588939e120, 0x00007b58899a3cc0,
0x00007b5888b2af00, 0x00007b5888b0b3e0, 0x00007b5889dc17b0, 0x00007b5889a2bf50,
0x00007b589c003cd0, 0x00007b588a378ba0, 0x00007b58f80900c0, 0x00007b5890219790,
0x00007b588a409900, 0x00007b589036df10, 0x00007b5890379b40, 0x00007b5889daaec0,
0x00007b588a86a100, 0x00007b588a46bf80, 0x00007b588a983fa0, 0x00007b589c031c40,
0x00007b589037aed0, 0x00007b588a70f030, 0x00007b588d307de0, 0x00007b58fc08dba0,
0x00007b58fc08edc0, 0x00007b588af4e540, 0x00007b588ceaf7c0, 0x00007b588ceaaba0,
0x00007b5888c1dc40, 0x00007b58887d4020, 0x00007b588b5dee80, 0x00007b588b5dbf60,
0x00007b5888fee5f0, 0x00007b588b5de540, 0x00007b588a4b8fd0, 0x00007b5888a7bfb0,
0x00007b58f4107920, 0x00007b58a4008850, 0x00007b58ac06f910, 0x00007b58ac061b60,
0x00007b5889dea5d0, 0x00007b589030b620, 0x00007b589030c490, 0x00007b5889def5e0,
0x00007b5888cf3120, 0x00007b58907be400, 0x00007b5890808d90, 0x00007b58980215e0,
0x00007b5890948210, 0x00007b5890949710, 0x00007b589093a3d0, 0x00007b58a01301a0,
0x00007b5890875670, 0x00007b58fc095e60, 0x00007b5889404020, 0x00007b588813e850,
0x00007b58888e89d0, 0x00007b588b1a2a90, 0x00007b5904074b90, 0x00007b5904057da0,
0x00007b59040833d0, 0x00007b58906012c0, 0x00007b589062ebe0, 0x00007b58ac1610f0,
0x00007b5890562330, 0x00007b59001f7990, 0x00007b5900008a60, 0x00007b58905fd510,
0x00007b590407e9d0, 0x00007b589701b2d0, 0x00007b58ac0ec2a0
}
_to_delete_list=0x00007b58952a9b20, length=102, elements={
0x00007b59400c9100, 0x00007b59400ca670, 0x00007b59400cbe00, 0x00007b59400cd440,
0x00007b59400ce9e0, 0x00007b59400d0520, 0x00007b59400d1be0, 0x00007b59400eda60,
0x00007b59400f0d40, 0x00007b5940019230, 0x00007b58947e1ff0, 0x00007b5894b96fc0,
0x00007b5896dd8300, 0x00007b5896e36d70, 0x00007b5896e4af70, 0x00007b5895597ed0,
0x00007b589720e830, 0x00007b5888115190, 0x00007b5888818f40, 0x00007b5888bd7080,
0x00007b5888bd7bc0, 0x00007b58896b8d50, 0x00007b58890e12a0, 0x00007b5889b57aa0,
0x00007b5888dd1bb0, 0x00007b5888dd2d20, 0x000060d1bc65d640, 0x00007b588c9c0bc0,
0x00007b58889c4650, 0x00007b5894002520, 0x00007b589000c2b0, 0x00007b5889262880,
0x00007b58895cae70, 0x00007b588949a6a0, 0x00007b588939e120, 0x00007b58899a3cc0,
0x00007b5888b2af00, 0x00007b5888b0b3e0, 0x00007b5889dc17b0, 0x00007b5889a2bf50,
0x00007b589c003cd0, 0x00007b588a378ba0, 0x00007b58f80900c0, 0x00007b5890219790,
0x00007b588a409900, 0x00007b589036df10, 0x00007b5890379b40, 0x00007b5889daaec0,
0x00007b588a86a100, 0x00007b588a46bf80, 0x00007b588a983fa0, 0x00007b589c031c40,
0x00007b589037aed0, 0x00007b588a70f030, 0x00007b588d307de0, 0x00007b58fc08dba0,
0x00007b58fc08edc0, 0x00007b588af4e540, 0x00007b588ceaf7c0, 0x00007b588ceaaba0,
0x00007b5888c1dc40, 0x00007b58887d4020, 0x00007b588b5dee80, 0x00007b588b5dbf60,
0x00007b5888fee5f0, 0x00007b588b5de540, 0x00007b588a4b8fd0, 0x00007b5888a7bfb0,
0x00007b58f4107920, 0x00007b58a4008850, 0x00007b58ac06f910, 0x00007b58ac061b60,
0x00007b5889dea5d0, 0x00007b589030b620, 0x00007b589030c490, 0x00007b5889def5e0,
0x00007b5888cf3120, 0x00007b58907be400, 0x00007b5890808d90, 0x00007b58980215e0,
0x00007b5890948210, 0x00007b5890949710, 0x00007b589093a3d0, 0x00007b58a01301a0,
0x00007b5890875670, 0x00007b58fc095e60, 0x00007b5889404020, 0x00007b588813e850,
0x00007b58888e89d0, 0x00007b588b1a2a90, 0x00007b5904074b90, 0x00007b5904057da0,
0x00007b59040833d0, 0x00007b58906012c0, 0x00007b589062ebe0, 0x00007b58ac1610f0,
0x00007b5890562330, 0x00007b59001f7990, 0x00007b5900008a60, 0x00007b58905fd510,
0x00007b590407e9d0, 0x00007b589701b2d0
}

Java Threads: ( => current thread )
  0x00007b59400c9100 JavaThread "Reference Handler"          daemon [_thread_blocked, id=753187, stack(0x00007b593ff00000,0x00007b5940000000) (1024K)]
  0x00007b59400ca670 JavaThread "Finalizer"                  daemon [_thread_blocked, id=753188, stack(0x00007b5908700000,0x00007b5908800000) (1024K)]
  0x00007b59400cbe00 JavaThread "Signal Dispatcher"          daemon [_thread_blocked, id=753189, stack(0x00007b5908300000,0x00007b5908400000) (1024K)]
  0x00007b59400cd440 JavaThread "Service Thread"             daemon [_thread_blocked, id=753190, stack(0x00007b5908200000,0x00007b5908300000) (1024K)]
  0x00007b59400ce9e0 JavaThread "Monitor Deflation Thread"   daemon [_thread_blocked, id=753191, stack(0x00007b5908100000,0x00007b5908200000) (1024K)]
  0x00007b59400d0520 JavaThread "C2 CompilerThread0"         daemon [_thread_blocked, id=753192, stack(0x00007b5908000000,0x00007b5908100000) (1024K)]
  0x00007b59400d1be0 JavaThread "C1 CompilerThread0"         daemon [_thread_blocked, id=753193, stack(0x00007b58b2f00000,0x00007b58b3000000) (1024K)]
  0x00007b59400eda60 JavaThread "Notification Thread"        daemon [_thread_blocked, id=753194, stack(0x00007b58b2d2f000,0x00007b58b2e2f000) (1024K)]
  0x00007b59400f0d40 JavaThread "Common-Cleaner"             daemon [_thread_blocked, id=753195, stack(0x00007b58b2c2f000,0x00007b58b2d2f000) (1024K)]
  0x00007b5940019230 JavaThread "DestroyJavaVM"                     [_thread_blocked, id=753179, stack(0x00007b5944f00000,0x00007b5945000000) (1024K)]
  0x00007b58947e1ff0 JavaThread "Log4j2-AsyncAppenderEventDispatcher-1-Async" daemon [_thread_blocked, id=753202, stack(0x00007b58b2b2f000,0x00007b58b2c2f000) (1024K)]
  0x00007b5894b96fc0 JavaThread "JNA Cleaner"                daemon [_thread_blocked, id=753204, stack(0x00007b58b2a2f000,0x00007b58b2b2f000) (1024K)]
  0x00007b5896dd8300 JavaThread "Timer hack thread"          daemon [_thread_blocked, id=753221, stack(0x00007b58b2300000,0x00007b58b2400000) (1024K)]
  0x00007b5896e36d70 JavaThread "Yggdrasil Key Fetcher"      daemon [_thread_blocked, id=753222, stack(0x00007b58b2700000,0x00007b58b2800000) (1024K)]
  0x00007b5896e4af70 JavaThread "PaperFilledProfileCache-cleanup-0" daemon [_thread_blocked, id=753223, stack(0x00007b58b2005000,0x00007b58b2105000) (1024K)]
  0x00007b5895597ed0 JavaThread "Worker-Main-1"              daemon [_thread_blocked, id=753228, stack(0x00007b58b1e05000,0x00007b58b1f05000) (1024K)]
  0x00007b589720e830 JavaThread "Server thread"                     [_thread_blocked, id=753230, stack(0x00007b58b1d05000,0x00007b58b1e05000) (1024K)]
  0x00007b5888115190 JavaThread "Paper Common Worker #0"     daemon [_thread_blocked, id=753236, stack(0x00007b58b1905000,0x00007b58b1a05000) (1024K)]
  0x00007b5888818f40 JavaThread "Paper I/O Worker #0"        daemon [_thread_blocked, id=753237, stack(0x00007b58b1805000,0x00007b58b1905000) (1024K)]
  0x00007b5888bd7080 JavaThread "Paper Watchdog Thread"             [_thread_blocked, id=753240, stack(0x00007b58b1705000,0x00007b58b1805000) (1024K)]
  0x00007b5888bd7bc0 JavaThread "Server console handler"     daemon [_thread_blocked, id=753241, stack(0x00007b58b1605000,0x00007b58b1705000) (1024K)]
  0x00007b58896b8d50 JavaThread "pool-8-thread-1"                   [_thread_blocked, id=753242, stack(0x00007b58b1505000,0x00007b58b1605000) (1024K)]
  0x00007b58890e12a0 JavaThread "Netty Epoll IO #0"          daemon [_thread_blocked, id=753244, stack(0x00007b58b0d00000,0x00007b58b0e00000) (1024K)]
  0x00007b5889b57aa0 JavaThread "DiscordSRV ExpiryThread"           [_thread_blocked, id=753246, stack(0x00007b58b092d000,0x00007b58b0a2d000) (1024K)]
  0x00007b5888dd1bb0 JavaThread "luckperms-worker-0"         daemon [_thread_blocked, id=753249, stack(0x00007b58b082d000,0x00007b58b092d000) (1024K)]
  0x00007b5888dd2d20 JavaThread "luckperms-worker-1"         daemon [_thread_blocked, id=753250, stack(0x00007b58b072d000,0x00007b58b082d000) (1024K)]
  0x000060d1bc65d640 JavaThread "luckperms-worker-2"         daemon [_thread_blocked, id=753251, stack(0x00007b58b062d000,0x00007b58b072d000) (1024K)]
  0x00007b588c9c0bc0 JavaThread "luckperms-worker-3"         daemon [_thread_blocked, id=753252, stack(0x00007b58b052d000,0x00007b58b062d000) (1024K)]
  0x00007b58889c4650 JavaThread "luckperms-worker-4"         daemon [_thread_blocked, id=753253, stack(0x00007b58b042d000,0x00007b58b052d000) (1024K)]
  0x00007b5894002520 JavaThread "luckperms-worker-5"         daemon [_thread_blocked, id=753254, stack(0x00007b58b032d000,0x00007b58b042d000) (1024K)]
  0x00007b589000c2b0 JavaThread "luckperms-worker-6"         daemon [_thread_blocked, id=753255, stack(0x00007b58b022d000,0x00007b58b032d000) (1024K)]
  0x00007b5889262880 JavaThread "luckperms-scheduler"               [_thread_blocked, id=753256, stack(0x00007b58b012d000,0x00007b58b022d000) (1024K)]
  0x00007b58895cae70 JavaThread "FileSystemWatchService"     daemon [_thread_in_native, id=753259, stack(0x00007b5883f00000,0x00007b5884000000) (1024K)]
  0x00007b588949a6a0 JavaThread "Dimension-Data-IO-Worker-1"        [_thread_blocked, id=753266, stack(0x00007b5883800000,0x00007b5883900000) (1024K)]
  0x00007b588939e120 JavaThread "Dimension-Data-IO-Worker-2"        [_thread_blocked, id=753267, stack(0x00007b5883700000,0x00007b5883800000) (1024K)]
  0x00007b58899a3cc0 JavaThread "Dimension-Data-IO-Worker-3"        [_thread_blocked, id=753268, stack(0x00007b5883600000,0x00007b5883700000) (1024K)]
  0x00007b5888b2af00 JavaThread "bStats-Metrics"                    [_thread_blocked, id=753270, stack(0x00007b5883400000,0x00007b5883500000) (1024K)]
  0x00007b5888b0b3e0 JavaThread "BlueMap-FJP-0"              daemon [_thread_blocked, id=753272, stack(0x00007b5883200000,0x00007b5883300000) (1024K)]
  0x00007b5889dc17b0 JavaThread "bStats-Metrics"                    [_thread_blocked, id=753274, stack(0x00007b5883100000,0x00007b5883200000) (1024K)]
  0x00007b5889a2bf50 JavaThread "mysql-cj-abandoned-connection-cleanup" daemon [_thread_blocked, id=753275, stack(0x00007b5883000000,0x00007b5883100000) (1024K)]
  0x00007b589c003cd0 JavaThread "BlueMap-FJP-0"              daemon [_thread_blocked, id=753278, stack(0x00007b5882f00000,0x00007b5883000000) (1024K)]
  0x00007b588a378ba0 JavaThread "SQLitePool housekeeper"     daemon [_thread_blocked, id=753279, stack(0x00007b5882e00000,0x00007b5882f00000) (1024K)]
  0x00007b58f80900c0 JavaThread "Java2D Disposer"            daemon [_thread_blocked, id=753281, stack(0x00007b5882800000,0x00007b5882900000) (1024K)]
  0x00007b5890219790 JavaThread "pool-15-thread-1"                  [_thread_blocked, id=753284, stack(0x00007b5882900000,0x00007b5882a00000) (1024K)]
  0x00007b588a409900 JavaThread "Thread-12"                         [_thread_blocked, id=753287, stack(0x00007b5882700000,0x00007b5882800000) (1024K)]
  0x00007b589036df10 JavaThread "DiscordSRV - JDA Rate Limit"        [_thread_blocked, id=753288, stack(0x00007b5882600000,0x00007b5882700000) (1024K)]
  0x00007b5890379b40 JavaThread "DiscordSRV - JDA Rate Limit"        [_thread_blocked, id=753289, stack(0x00007b5882500000,0x00007b5882600000) (1024K)]
  0x00007b5889daaec0 JavaThread "bStats-Metrics"                    [_thread_blocked, id=753297, stack(0x00007b587df00000,0x00007b587e000000) (1024K)]
  0x00007b588a86a100 JavaThread "bStats-Metrics"             daemon [_thread_blocked, id=753298, stack(0x00007b587de00000,0x00007b587df00000) (1024K)]
  0x00007b588a46bf80 JavaThread "spark-monitoring-thread"    daemon [_thread_blocked, id=753299, stack(0x00007b587dd00000,0x00007b587de00000) (1024K)]
  0x00007b588a983fa0 JavaThread "Paper Async Task Handler Thread - 0"        [_thread_blocked, id=753300, stack(0x00007b587dc00000,0x00007b587dd00000) (1024K)]
  0x00007b589c031c40 JavaThread "CompletableFutureDelayScheduler" daemon [_thread_blocked, id=753301, stack(0x00007b587d0ff000,0x00007b587d1ff000) (1024K)]
  0x00007b589037aed0 JavaThread "DiscordSRV - JDA Rate Limit"        [_thread_blocked, id=753303, stack(0x00007b587ceff000,0x00007b587cfff000) (1024K)]
  0x00007b588a70f030 JavaThread "spark-async-sampler-worker-thread"        [_thread_blocked, id=753307, stack(0x00007b587c3fe000,0x00007b587c4fe000) (1024K)]
  0x00007b588d307de0 JavaThread "DiscordSRV - JDA Gateway"          [_thread_blocked, id=753308, stack(0x00007b587c2fe000,0x00007b587c3fe000) (1024K)]
  0x00007b58fc08dba0 JavaThread "Netty Epoll IO #1"          daemon [_thread_blocked, id=753314, stack(0x00007b587bdfe000,0x00007b587befe000) (1024K)]
  0x00007b58fc08edc0 JavaThread "Netty Epoll IO #2"          daemon [_thread_blocked, id=753315, stack(0x00007b587befe000,0x00007b587bffe000) (1024K)]
  0x00007b588af4e540 JavaThread "Craft Async Scheduler Management Thread"        [_thread_blocked, id=753317, stack(0x00007b587bffe000,0x00007b587c0fe000) (1024K)]
  0x00007b588ceaf7c0 JavaThread "JDA MainWS-ReadThread"             [_thread_in_native, id=753320, stack(0x00007b587bbfe000,0x00007b587bcfe000) (1024K)]
  0x00007b588ceaaba0 JavaThread "JDA MainWS-WriteThread"            [_thread_blocked, id=753321, stack(0x00007b587bafe000,0x00007b587bbfe000) (1024K)]
  0x00007b5888c1dc40 JavaThread "Thread-21"                         [_thread_in_native, id=753323, stack(0x00007b587c0fe000,0x00007b587c1fe000) (1024K)]
  0x00007b58887d4020 JavaThread "BlueMap-Plugin-DaemonTimer" daemon [_thread_blocked, id=753324, stack(0x00007b587b9fe000,0x00007b587bafe000) (1024K)]
  0x00007b588b5dee80 JavaThread "FileSystemWatchService"     daemon [_thread_in_native, id=753325, stack(0x00007b587b8fe000,0x00007b587b9fe000) (1024K)]
  0x00007b588b5dbf60 JavaThread "Thread-23"                         [_thread_blocked, id=753326, stack(0x00007b587b7fe000,0x00007b587b8fe000) (1024K)]
  0x00007b5888fee5f0 JavaThread "FileSystemWatchService"     daemon [_thread_in_native, id=753327, stack(0x00007b587b6fe000,0x00007b587b7fe000) (1024K)]
  0x00007b588b5de540 JavaThread "Thread-24"                         [_thread_blocked, id=753328, stack(0x00007b587b5fe000,0x00007b587b6fe000) (1024K)]
  0x00007b588a4b8fd0 JavaThread "FileSystemWatchService"     daemon [_thread_in_native, id=753329, stack(0x00007b587b4fe000,0x00007b587b5fe000) (1024K)]
  0x00007b5888a7bfb0 JavaThread "Thread-26"                         [_thread_blocked, id=753330, stack(0x00007b587b3fe000,0x00007b587b4fe000) (1024K)]
  0x00007b58f4107920 JavaThread "BlueMap-RegionFileWatchService-DelayTimer" daemon [_thread_blocked, id=753331, stack(0x00007b587b2fe000,0x00007b587b3fe000) (1024K)]
  0x00007b58a4008850 JavaThread "BlueMap-RegionFileWatchService-DelayTimer" daemon [_thread_blocked, id=753332, stack(0x00007b587b1fe000,0x00007b587b2fe000) (1024K)]
  0x00007b58ac06f910 JavaThread "BlueMap-RegionFileWatchService-DelayTimer" daemon [_thread_blocked, id=753333, stack(0x00007b587b0fe000,0x00007b587b1fe000) (1024K)]
  0x00007b58ac061b60 JavaThread "FileSystemWatchService"     daemon [_thread_in_native, id=753334, stack(0x00007b587affe000,0x00007b587b0fe000) (1024K)]
  0x00007b5889dea5d0 JavaThread "BlueMap-WebbAppImpl-Timer"  daemon [_thread_blocked, id=753335, stack(0x00007b587aefe000,0x00007b587affe000) (1024K)]
  0x00007b589030b620 JavaThread "DiscordSRV - Presence Updater"        [_thread_blocked, id=753336, stack(0x00007b587adfe000,0x00007b587aefe000) (1024K)]
  0x00007b589030c490 JavaThread "DiscordSRV - Nickname Updater"        [_thread_blocked, id=753337, stack(0x00007b587acfe000,0x00007b587adfe000) (1024K)]
  0x00007b5889def5e0 JavaThread "BlueMap-ProgressTracker-Timer-0" daemon [_thread_blocked, id=753338, stack(0x00007b587abfe000,0x00007b587acfe000) (1024K)]
  0x00007b5888cf3120 JavaThread "BlueMap-RenderThread-0-0"          [_thread_blocked, id=753339, stack(0x00007b587aafe000,0x00007b587abfe000) (1024K)]
  0x00007b58907be400 JavaThread "pool-22-thread-1"                  [_thread_blocked, id=753340, stack(0x00007b5883500000,0x00007b5883600000) (1024K)]
  0x00007b5890808d90 JavaThread "DiscordSRV - Server Watchdog"        [_thread_blocked, id=753341, stack(0x00007b587a9fe000,0x00007b587aafe000) (1024K)]
  0x00007b58980215e0 JavaThread "DiscordSRV - JDA Rate Limit"        [_thread_blocked, id=753342, stack(0x00007b587a8fe000,0x00007b587a9fe000) (1024K)]
  0x00007b5890948210 JavaThread "DiscordSRV - Channel Topic Updater"        [_thread_blocked, id=753343, stack(0x00007b587a7fe000,0x00007b587a8fe000) (1024K)]
  0x00007b5890949710 JavaThread "DiscordSRV - Channel Updater"        [_thread_blocked, id=753344, stack(0x00007b587a6fe000,0x00007b587a7fe000) (1024K)]
  0x00007b589093a3d0 JavaThread "bStats-Metrics"                    [_thread_blocked, id=753345, stack(0x00007b587a5fe000,0x00007b587a6fe000) (1024K)]
  0x00007b58a01301a0 JavaThread "DiscordSRV - JDA Rate Limit"        [_thread_blocked, id=753346, stack(0x00007b587a4fe000,0x00007b587a5fe000) (1024K)]
  0x00007b5890875670 JavaThread "BlueMap-InstancePool-RecycleTimer" daemon [_thread_blocked, id=753347, stack(0x00007b5883300000,0x00007b5883400000) (1024K)]
  0x00007b58fc095e60 JavaThread "Netty Epoll IO #3"          daemon [_thread_blocked, id=753351, stack(0x00007b587cdff000,0x00007b587ceff000) (1024K)]
  0x00007b5889404020 JavaThread "Paper Async Task Handler Thread - 1"        [_thread_blocked, id=753354, stack(0x00007b587a2fe000,0x00007b587a3fe000) (1024K)]
  0x00007b588813e850 JavaThread "Paper Async Command Builder Thread Pool - 0"        [_thread_blocked, id=753355, stack(0x00007b587a1fe000,0x00007b587a2fe000) (1024K)]
  0x00007b58888e89d0 JavaThread "Paper Async Command Builder Thread Pool - 1"        [_thread_blocked, id=753360, stack(0x00007b5879ffe000,0x00007b587a0fe000) (1024K)]
  0x00007b588b1a2a90 JavaThread "Dimension-Data-IO-Worker-4"        [_thread_blocked, id=753517, stack(0x00007b5883b00000,0x00007b5883c00000) (1024K)]
  0x00007b5904074b90 JavaThread "Craft Scheduler Thread - 73"        [_thread_blocked, id=754085, stack(0x00007b5883900000,0x00007b5883a00000) (1024K)]
  0x00007b5904057da0 JavaThread "Craft Scheduler Thread - 78"        [_thread_blocked, id=754115, stack(0x00007b5882300000,0x00007b5882400000) (1024K)]
  0x00007b59040833d0 JavaThread "Craft Scheduler Thread - 80"        [_thread_blocked, id=754133, stack(0x00007b587bcfe000,0x00007b587bdfe000) (1024K)]
  0x00007b58906012c0 JavaThread "OkHttp ConnectionPool"      daemon [_thread_blocked, id=754148, stack(0x00007b58b1a05000,0x00007b58b1b05000) (1024K)]
  0x00007b589062ebe0 JavaThread "Okio Watchdog"              daemon [_thread_blocked, id=754149, stack(0x00007b5883c00000,0x00007b5883d00000) (1024K)]
  0x00007b58ac1610f0 JavaThread "OkHttp Http2Connection"     daemon [_thread_blocked, id=754152, stack(0x00007b58b002d000,0x00007b58b012d000) (1024K)]
  0x00007b5890562330 JavaThread "DiscordSRV - JDA Callback 0" daemon [_thread_blocked, id=754153, stack(0x00007b5883e00000,0x00007b5883f00000) (1024K)]
  0x00007b59001f7990 JavaThread "Async Chat Thread - #23"    daemon [_thread_blocked, id=754160, stack(0x00007b587a3fe000,0x00007b587a4fe000) (1024K)]
  0x00007b5900008a60 JavaThread "Async Chat Thread - #24"    daemon [_thread_blocked, id=754161, stack(0x00007b5882100000,0x00007b5882200000) (1024K)]
  0x00007b58905fd510 JavaThread "Async-profiler Timer"       daemon [_thread_in_native, id=754181, stack(0x00007b587c4fe000,0x00007b587c5fe000) (1024K)]
  0x00007b590407e9d0 JavaThread "Craft Scheduler Thread - 81"        [_thread_blocked, id=754189, stack(0x00007b58b1b05000,0x00007b58b1c05000) (1024K)]
  0x00007b589701b2d0 JavaThread "OkHttp discord.com"                [_thread_in_native, id=754202, stack(0x00007b587a0fe000,0x00007b587a1fe000) (1024K)]
  0x00007b58ac0ec2a0 JavaThread "OkHttp discord.com Writer"         [_thread_blocked, id=754203, stack(0x00007b5883d00000,0x00007b5883e00000) (1024K)]
Total: 103

Other Threads:
=>0x00007b59400c0150 VMThread "VM Thread"                           [id=753186, stack(0x00007b5944022000,0x00007b5944122000) (1024K)]
  0x00007b59400ae8e0 WatcherThread "VM Periodic Task Thread"        [id=753185, stack(0x00007b5944123000,0x00007b5944223000) (1024K)]
  0x00007b5940042930 WorkerThread "GC Thread#0"                     [id=753180, stack(0x00007b5944906000,0x00007b5944a06000) (1024K)]
  0x00007b58a0006050 WorkerThread "GC Thread#1"                     [id=753196, stack(0x00007b58b0b2e000,0x00007b58b0c2e000) (1024K)]
  0x00007b594004ff00 ConcurrentGCThread "G1 Main Marker"            [id=753181, stack(0x00007b5944805000,0x00007b5944905000) (1024K)]
  0x00007b5940050eb0 WorkerThread "G1 Conc#0"                       [id=753182, stack(0x00007b5944704000,0x00007b5944804000) (1024K)]
  0x00007b5940094370 ConcurrentGCThread "G1 Refine#0"               [id=753183, stack(0x00007b5944401000,0x00007b5944501000) (1024K)]
  0x00007b58f4000f80 ConcurrentGCThread "G1 Refine#1"               [id=753215, stack(0x00007b58b2200000,0x00007b58b2300000) (1024K)]
  0x00007b5940095330 ConcurrentGCThread "G1 Service"                [id=753184, stack(0x00007b5944300000,0x00007b5944400000) (1024K)]
Total: 9

Threads with active compile tasks:
Total: 0

VM state: at safepoint (normal execution)

VM Mutex/Monitor currently owned by a thread:  ([mutex/lock_event])
[0x00007b594697fe98] Threads_lock - owner thread: 0x00007b59400c0150
[0x00007b594697fd98] Heap_lock - owner thread: 0x00007b589c003cd0

Heap address: 0x0000000200000000, size: 24576 MB, Compressed Oops mode: Zero based, Oop shift amount: 3

CDS archive(s) mapped at: [0x00007b58b3000000-0x00007b58b3ca0000-0x00007b58b3ca0000), size 13238272, SharedBaseAddress: 0x00007b58b3000000, ArchiveRelocationMode: 1.
Compressed class space mapped at: 0x00007b58b4000000-0x00007b58f4000000, reserved size: 1073741824
Narrow klass base: 0x00007b58b3000000, Narrow klass shift: 0, Narrow klass range: 0x100000000

GC Precious Log:
 CardTable entry size: 512
 Card Set container configuration: InlinePtr #cards 3 size 8 Array Of Cards #cards 128 size 272 Howl #buckets 8 coarsen threshold 29491 Howl Bitmap #cards 4096 size 528 coarsen threshold 3686 Card regions per heap region 1 cards per card region 32768
 CPUs: 2 total, 2 available
 Memory: 3915M
 Large Page Support: Disabled
 NUMA Support: Disabled
 Compressed Oops: Enabled (Zero based)
 Heap Region Size: 16M
 Heap Min Capacity: 1G
 Heap Initial Capacity: 1G
 Heap Max Capacity: 24G
 Pre-touch: Disabled
 Parallel Workers: 2
 Concurrent Workers: 1
 Concurrent Refinement Workers: 2
 Periodic GC: Disabled

Heap:
 garbage-first heap   total 4243456K, used 1363735K [0x0000000200000000, 0x0000000800000000)
  region size 16384K, 3 young (49152K), 3 survivors (49152K)
 Metaspace       used 216396K, committed 218560K, reserved 1245184K
  class space    used 33065K, committed 34048K, reserved 1048576K

Heap Regions: E=young(eden), S=young(survivor), O=old, HS=humongous(starts), HC=humongous(continues), CS=collection set, F=free, TAMS=top-at-mark-start, PB=parsable bottom
|   0|0x0000000200000000, 0x0000000201000000, 0x0000000201000000|100%| O|  |TAMS 0x0000000201000000| PB 0x0000000200000000| Untracked 
|   1|0x0000000201000000, 0x0000000202000000, 0x0000000202000000|100%| O|  |TAMS 0x0000000202000000| PB 0x0000000201000000| Untracked 
|   2|0x0000000202000000, 0x0000000203000000, 0x0000000203000000|100%| O|  |TAMS 0x0000000203000000| PB 0x0000000202000000| Untracked 
|   3|0x0000000203000000, 0x0000000204000000, 0x0000000204000000|100%| O|  |TAMS 0x0000000204000000| PB 0x0000000203000000| Untracked 
|   4|0x0000000204000000, 0x0000000205000000, 0x0000000205000000|100%| O|  |TAMS 0x0000000205000000| PB 0x0000000204000000| Untracked 
|   5|0x0000000205000000, 0x0000000206000000, 0x0000000206000000|100%| O|  |TAMS 0x0000000206000000| PB 0x0000000205000000| Untracked 
|   6|0x0000000206000000, 0x0000000207000000, 0x0000000207000000|100%| O|  |TAMS 0x0000000207000000| PB 0x0000000206000000| Untracked 
|   7|0x0000000207000000, 0x0000000208000000, 0x0000000208000000|100%| O|  |TAMS 0x0000000208000000| PB 0x0000000207000000| Untracked 
|   8|0x0000000208000000, 0x0000000209000000, 0x0000000209000000|100%| O|  |TAMS 0x0000000209000000| PB 0x0000000208000000| Untracked 
|   9|0x0000000209000000, 0x000000020a000000, 0x000000020a000000|100%| O|  |TAMS 0x000000020a000000| PB 0x0000000209000000| Untracked 
|  10|0x000000020a000000, 0x000000020b000000, 0x000000020b000000|100%| O|  |TAMS 0x000000020b000000| PB 0x000000020a000000| Untracked 
|  11|0x000000020b000000, 0x000000020c000000, 0x000000020c000000|100%| O|  |TAMS 0x000000020c000000| PB 0x000000020b000000| Untracked 
|  12|0x000000020c000000, 0x000000020d000000, 0x000000020d000000|100%| O|  |TAMS 0x000000020d000000| PB 0x000000020c000000| Untracked 
|  13|0x000000020d000000, 0x000000020e000000, 0x000000020e000000|100%| O|  |TAMS 0x000000020e000000| PB 0x000000020d000000| Untracked 
|  14|0x000000020e000000, 0x000000020f000000, 0x000000020f000000|100%| O|  |TAMS 0x000000020f000000| PB 0x000000020e000000| Untracked 
|  15|0x000000020f000000, 0x0000000210000000, 0x0000000210000000|100%| O|  |TAMS 0x0000000210000000| PB 0x000000020f000000| Untracked 
|  16|0x0000000210000000, 0x0000000211000000, 0x0000000211000000|100%| O|  |TAMS 0x0000000211000000| PB 0x0000000210000000| Untracked 
|  17|0x0000000211000000, 0x0000000212000000, 0x0000000212000000|100%| O|  |TAMS 0x0000000212000000| PB 0x0000000211000000| Untracked 
|  18|0x0000000212000000, 0x0000000213000000, 0x0000000213000000|100%| O|  |TAMS 0x0000000213000000| PB 0x0000000212000000| Untracked 
|  19|0x0000000213000000, 0x0000000214000000, 0x0000000214000000|100%| O|  |TAMS 0x0000000214000000| PB 0x0000000213000000| Untracked 
|  20|0x0000000214000000, 0x0000000215000000, 0x0000000215000000|100%| O|  |TAMS 0x0000000215000000| PB 0x0000000214000000| Untracked 
|  21|0x0000000215000000, 0x0000000216000000, 0x0000000216000000|100%|HS|  |TAMS 0x0000000216000000| PB 0x0000000215000000| Untracked 
|  22|0x0000000216000000, 0x0000000217000000, 0x0000000217000000|100%|HC|  |TAMS 0x0000000217000000| PB 0x0000000216000000| Untracked 
|  23|0x0000000217000000, 0x0000000218000000, 0x0000000218000000|100%| O|  |TAMS 0x0000000218000000| PB 0x0000000217000000| Untracked 
|  24|0x0000000218000000, 0x0000000219000000, 0x0000000219000000|100%| O|  |TAMS 0x0000000219000000| PB 0x0000000218000000| Untracked 
|  25|0x0000000219000000, 0x000000021a000000, 0x000000021a000000|100%| O|  |TAMS 0x000000021a000000| PB 0x0000000219000000| Untracked 
|  26|0x000000021a000000, 0x000000021b000000, 0x000000021b000000|100%| O|  |TAMS 0x000000021b000000| PB 0x000000021a000000| Untracked 
|  27|0x000000021b000000, 0x000000021c000000, 0x000000021c000000|100%| O|  |TAMS 0x000000021c000000| PB 0x000000021b000000| Untracked 
|  28|0x000000021c000000, 0x000000021d000000, 0x000000021d000000|100%| O|  |TAMS 0x000000021d000000| PB 0x000000021c000000| Untracked 
|  29|0x000000021d000000, 0x000000021d000000, 0x000000021e000000|  0%| F|  |TAMS 0x000000021d000000| PB 0x000000021d000000| Untracked 
|  30|0x000000021e000000, 0x000000021f000000, 0x000000021f000000|100%| O|  |TAMS 0x000000021f000000| PB 0x000000021e000000| Untracked 
|  31|0x000000021f000000, 0x0000000220000000, 0x0000000220000000|100%| O|  |TAMS 0x0000000220000000| PB 0x000000021f000000| Untracked 
|  32|0x0000000220000000, 0x0000000221000000, 0x0000000221000000|100%| O|  |TAMS 0x0000000221000000| PB 0x0000000220000000| Untracked 
|  33|0x0000000221000000, 0x0000000222000000, 0x0000000222000000|100%| O|  |TAMS 0x0000000222000000| PB 0x0000000221000000| Untracked 
|  34|0x0000000222000000, 0x0000000223000000, 0x0000000223000000|100%| O|  |TAMS 0x0000000223000000| PB 0x0000000222000000| Untracked 
|  35|0x0000000223000000, 0x0000000224000000, 0x0000000224000000|100%| O|  |TAMS 0x0000000224000000| PB 0x0000000223000000| Untracked 
|  36|0x0000000224000000, 0x0000000225000000, 0x0000000225000000|100%| O|  |TAMS 0x0000000225000000| PB 0x0000000224000000| Untracked 
|  37|0x0000000225000000, 0x0000000226000000, 0x0000000226000000|100%| O|  |TAMS 0x0000000226000000| PB 0x0000000225000000| Untracked 
|  38|0x0000000226000000, 0x0000000227000000, 0x0000000227000000|100%| O|  |TAMS 0x0000000227000000| PB 0x0000000226000000| Untracked 
|  39|0x0000000227000000, 0x0000000228000000, 0x0000000228000000|100%| O|  |TAMS 0x0000000228000000| PB 0x0000000227000000| Untracked 
|  40|0x0000000228000000, 0x0000000229000000, 0x0000000229000000|100%| O|  |TAMS 0x0000000229000000| PB 0x0000000228000000| Untracked 
|  41|0x0000000229000000, 0x000000022a000000, 0x000000022a000000|100%| O|  |TAMS 0x000000022a000000| PB 0x0000000229000000| Untracked 
|  42|0x000000022a000000, 0x000000022a000000, 0x000000022b000000|  0%| F|  |TAMS 0x000000022a000000| PB 0x000000022a000000| Untracked 
|  43|0x000000022b000000, 0x000000022c000000, 0x000000022c000000|100%| O|  |TAMS 0x000000022c000000| PB 0x000000022b000000| Untracked 
|  44|0x000000022c000000, 0x000000022d000000, 0x000000022d000000|100%| O|  |TAMS 0x000000022d000000| PB 0x000000022c000000| Untracked 
|  45|0x000000022d000000, 0x000000022e000000, 0x000000022e000000|100%| O|  |TAMS 0x000000022e000000| PB 0x000000022d000000| Untracked 
|  46|0x000000022e000000, 0x000000022f000000, 0x000000022f000000|100%| O|  |TAMS 0x000000022f000000| PB 0x000000022e000000| Untracked 
|  47|0x000000022f000000, 0x000000022f000000, 0x0000000230000000|  0%| F|  |TAMS 0x000000022f000000| PB 0x000000022f000000| Untracked 
|  48|0x0000000230000000, 0x0000000231000000, 0x0000000231000000|100%| O|  |TAMS 0x0000000231000000| PB 0x0000000230000000| Untracked 
|  49|0x0000000231000000, 0x0000000232000000, 0x0000000232000000|100%| O|  |TAMS 0x0000000232000000| PB 0x0000000231000000| Untracked 
|  50|0x0000000232000000, 0x0000000233000000, 0x0000000233000000|100%| O|  |TAMS 0x0000000233000000| PB 0x0000000232000000| Untracked 
|  51|0x0000000233000000, 0x0000000234000000, 0x0000000234000000|100%| O|  |TAMS 0x0000000234000000| PB 0x0000000233000000| Untracked 
|  52|0x0000000234000000, 0x0000000234000000, 0x0000000235000000|  0%| F|  |TAMS 0x0000000234000000| PB 0x0000000234000000| Untracked 
|  53|0x0000000235000000, 0x0000000236000000, 0x0000000236000000|100%| O|  |TAMS 0x0000000236000000| PB 0x0000000235000000| Untracked 
|  54|0x0000000236000000, 0x0000000236000000, 0x0000000237000000|  0%| F|  |TAMS 0x0000000236000000| PB 0x0000000236000000| Untracked 
|  55|0x0000000237000000, 0x0000000238000000, 0x0000000238000000|100%| O|  |TAMS 0x0000000238000000| PB 0x0000000237000000| Untracked 
|  56|0x0000000238000000, 0x0000000238000000, 0x0000000239000000|  0%| F|  |TAMS 0x0000000238000000| PB 0x0000000238000000| Untracked 
|  57|0x0000000239000000, 0x0000000239000000, 0x000000023a000000|  0%| F|  |TAMS 0x0000000239000000| PB 0x0000000239000000| Untracked 
|  58|0x000000023a000000, 0x000000023b000000, 0x000000023b000000|100%| O|  |TAMS 0x000000023b000000| PB 0x000000023a000000| Untracked 
|  59|0x000000023b000000, 0x000000023c000000, 0x000000023c000000|100%| O|  |TAMS 0x000000023c000000| PB 0x000000023b000000| Untracked 
|  60|0x000000023c000000, 0x000000023c000000, 0x000000023d000000|  0%| F|  |TAMS 0x000000023c000000| PB 0x000000023c000000| Untracked 
|  61|0x000000023d000000, 0x000000023e000000, 0x000000023e000000|100%| O|  |TAMS 0x000000023e000000| PB 0x000000023d000000| Untracked 
|  62|0x000000023e000000, 0x000000023e000000, 0x000000023f000000|  0%| F|  |TAMS 0x000000023e000000| PB 0x000000023e000000| Untracked 
|  63|0x000000023f000000, 0x0000000240000000, 0x0000000240000000|100%| O|  |TAMS 0x0000000240000000| PB 0x000000023f000000| Untracked 
|  64|0x0000000240000000, 0x0000000241000000, 0x0000000241000000|100%| O|  |TAMS 0x0000000241000000| PB 0x0000000240000000| Untracked 
|  65|0x0000000241000000, 0x0000000242000000, 0x0000000242000000|100%| O|  |TAMS 0x0000000242000000| PB 0x0000000241000000| Untracked 
|  66|0x0000000242000000, 0x0000000243000000, 0x0000000243000000|100%| O|  |TAMS 0x0000000243000000| PB 0x0000000242000000| Untracked 
|  67|0x0000000243000000, 0x0000000244000000, 0x0000000244000000|100%| O|  |TAMS 0x0000000244000000| PB 0x0000000243000000| Untracked 
|  68|0x0000000244000000, 0x0000000245000000, 0x0000000245000000|100%| O|  |TAMS 0x0000000245000000| PB 0x0000000244000000| Untracked 
|  69|0x0000000245000000, 0x0000000246000000, 0x0000000246000000|100%| O|  |TAMS 0x0000000246000000| PB 0x0000000245000000| Untracked 
|  70|0x0000000246000000, 0x0000000247000000, 0x0000000247000000|100%| O|  |TAMS 0x0000000247000000| PB 0x0000000246000000| Untracked 
|  71|0x0000000247000000, 0x0000000248000000, 0x0000000248000000|100%| O|  |TAMS 0x0000000248000000| PB 0x0000000247000000| Untracked 
|  72|0x0000000248000000, 0x0000000249000000, 0x0000000249000000|100%| O|  |TAMS 0x0000000249000000| PB 0x0000000248000000| Untracked 
|  73|0x0000000249000000, 0x000000024a000000, 0x000000024a000000|100%| O|  |TAMS 0x000000024a000000| PB 0x0000000249000000| Untracked 
|  74|0x000000024a000000, 0x000000024a000000, 0x000000024b000000|  0%| F|  |TAMS 0x000000024a000000| PB 0x000000024a000000| Untracked 
|  75|0x000000024b000000, 0x000000024c000000, 0x000000024c000000|100%| O|  |TAMS 0x000000024c000000| PB 0x000000024b000000| Untracked 
|  76|0x000000024c000000, 0x000000024d000000, 0x000000024d000000|100%| O|  |TAMS 0x000000024d000000| PB 0x000000024c000000| Untracked 
|  77|0x000000024d000000, 0x000000024e000000, 0x000000024e000000|100%| O|  |TAMS 0x000000024e000000| PB 0x000000024d000000| Untracked 
|  78|0x000000024e000000, 0x000000024f000000, 0x000000024f000000|100%| O|  |TAMS 0x000000024f000000| PB 0x000000024e000000| Untracked 
|  79|0x000000024f000000, 0x0000000250000000, 0x0000000250000000|100%| O|  |TAMS 0x0000000250000000| PB 0x000000024f000000| Untracked 
|  80|0x0000000250000000, 0x0000000250000000, 0x0000000251000000|  0%| F|  |TAMS 0x0000000250000000| PB 0x0000000250000000| Untracked 
|  81|0x0000000251000000, 0x0000000251000000, 0x0000000252000000|  0%| F|  |TAMS 0x0000000251000000| PB 0x0000000251000000| Untracked 
|  82|0x0000000252000000, 0x0000000252000000, 0x0000000253000000|  0%| F|  |TAMS 0x0000000252000000| PB 0x0000000252000000| Untracked 
|  83|0x0000000253000000, 0x0000000254000000, 0x0000000254000000|100%| O|  |TAMS 0x0000000254000000| PB 0x0000000253000000| Untracked 
|  84|0x0000000254000000, 0x0000000255000000, 0x0000000255000000|100%| O|  |TAMS 0x0000000255000000| PB 0x0000000254000000| Untracked 
|  85|0x0000000255000000, 0x0000000256000000, 0x0000000256000000|100%| O|  |TAMS 0x0000000256000000| PB 0x0000000255000000| Untracked 
|  86|0x0000000256000000, 0x0000000257000000, 0x0000000257000000|100%| O|  |TAMS 0x0000000257000000| PB 0x0000000256000000| Untracked 
|  87|0x0000000257000000, 0x0000000258000000, 0x0000000258000000|100%| O|  |TAMS 0x0000000258000000| PB 0x0000000257000000| Untracked 
|  88|0x0000000258000000, 0x0000000259000000, 0x0000000259000000|100%| O|  |TAMS 0x0000000259000000| PB 0x0000000258000000| Untracked 
|  89|0x0000000259000000, 0x000000025a000000, 0x000000025a000000|100%| O|  |TAMS 0x000000025a000000| PB 0x0000000259000000| Untracked 
|  90|0x000000025a000000, 0x000000025b000000, 0x000000025b000000|100%| O|  |TAMS 0x000000025b000000| PB 0x000000025a000000| Untracked 
|  91|0x000000025b000000, 0x000000025c000000, 0x000000025c000000|100%| O|  |TAMS 0x000000025c000000| PB 0x000000025b000000| Untracked 
|  92|0x000000025c000000, 0x000000025c000000, 0x000000025d000000|  0%| F|  |TAMS 0x000000025c000000| PB 0x000000025c000000| Untracked 
|  93|0x000000025d000000, 0x000000025d000000, 0x000000025e000000|  0%| F|  |TAMS 0x000000025d000000| PB 0x000000025d000000| Untracked 
|  94|0x000000025e000000, 0x000000025e000000, 0x000000025f000000|  0%| F|  |TAMS 0x000000025e000000| PB 0x000000025e000000| Untracked 
|  95|0x000000025f000000, 0x000000025f000000, 0x0000000260000000|  0%| F|  |TAMS 0x000000025f000000| PB 0x000000025f000000| Untracked 
|  96|0x0000000260000000, 0x0000000260000000, 0x0000000261000000|  0%| F|  |TAMS 0x0000000260000000| PB 0x0000000260000000| Untracked 
|  97|0x0000000261000000, 0x0000000261000000, 0x0000000262000000|  0%| F|  |TAMS 0x0000000261000000| PB 0x0000000261000000| Untracked 
|  98|0x0000000262000000, 0x0000000262000000, 0x0000000263000000|  0%| F|  |TAMS 0x0000000262000000| PB 0x0000000262000000| Untracked 
|  99|0x0000000263000000, 0x0000000263000000, 0x0000000264000000|  0%| F|  |TAMS 0x0000000263000000| PB 0x0000000263000000| Untracked 
| 100|0x0000000264000000, 0x0000000264000000, 0x0000000265000000|  0%| F|  |TAMS 0x0000000264000000| PB 0x0000000264000000| Untracked 
| 101|0x0000000265000000, 0x0000000265000000, 0x0000000266000000|  0%| F|  |TAMS 0x0000000265000000| PB 0x0000000265000000| Untracked 
| 102|0x0000000266000000, 0x0000000266000000, 0x0000000267000000|  0%| F|  |TAMS 0x0000000266000000| PB 0x0000000266000000| Untracked 
| 103|0x0000000267000000, 0x0000000267000000, 0x0000000268000000|  0%| F|  |TAMS 0x0000000267000000| PB 0x0000000267000000| Untracked 
| 104|0x0000000268000000, 0x0000000268000000, 0x0000000269000000|  0%| F|  |TAMS 0x0000000268000000| PB 0x0000000268000000| Untracked 
| 105|0x0000000269000000, 0x0000000269000000, 0x000000026a000000|  0%| F|  |TAMS 0x0000000269000000| PB 0x0000000269000000| Untracked 
| 106|0x000000026a000000, 0x000000026a000000, 0x000000026b000000|  0%| F|  |TAMS 0x000000026a000000| PB 0x000000026a000000| Untracked 
| 107|0x000000026b000000, 0x000000026b000000, 0x000000026c000000|  0%| F|  |TAMS 0x000000026b000000| PB 0x000000026b000000| Untracked 
| 108|0x000000026c000000, 0x000000026c000000, 0x000000026d000000|  0%| F|  |TAMS 0x000000026c000000| PB 0x000000026c000000| Untracked 
| 109|0x000000026d000000, 0x000000026d000000, 0x000000026e000000|  0%| F|  |TAMS 0x000000026d000000| PB 0x000000026d000000| Untracked 
| 110|0x000000026e000000, 0x000000026e000000, 0x000000026f000000|  0%| F|  |TAMS 0x000000026e000000| PB 0x000000026e000000| Untracked 
| 111|0x000000026f000000, 0x000000026f000000, 0x0000000270000000|  0%| F|  |TAMS 0x000000026f000000| PB 0x000000026f000000| Untracked 
| 112|0x0000000270000000, 0x0000000270000000, 0x0000000271000000|  0%| F|  |TAMS 0x0000000270000000| PB 0x0000000270000000| Untracked 
| 113|0x0000000271000000, 0x0000000271000000, 0x0000000272000000|  0%| F|  |TAMS 0x0000000271000000| PB 0x0000000271000000| Untracked 
| 114|0x0000000272000000, 0x0000000272000000, 0x0000000273000000|  0%| F|  |TAMS 0x0000000272000000| PB 0x0000000272000000| Untracked 
| 115|0x0000000273000000, 0x0000000273000000, 0x0000000274000000|  0%| F|  |TAMS 0x0000000273000000| PB 0x0000000273000000| Untracked 
| 116|0x0000000274000000, 0x0000000274000000, 0x0000000275000000|  0%| F|  |TAMS 0x0000000274000000| PB 0x0000000274000000| Untracked 
| 117|0x0000000275000000, 0x0000000275000000, 0x0000000276000000|  0%| F|  |TAMS 0x0000000275000000| PB 0x0000000275000000| Untracked 
| 118|0x0000000276000000, 0x0000000276000000, 0x0000000277000000|  0%| F|  |TAMS 0x0000000276000000| PB 0x0000000276000000| Untracked 
| 119|0x0000000277000000, 0x0000000277000000, 0x0000000278000000|  0%| F|  |TAMS 0x0000000277000000| PB 0x0000000277000000| Untracked 
| 120|0x0000000278000000, 0x0000000278000000, 0x0000000279000000|  0%| F|  |TAMS 0x0000000278000000| PB 0x0000000278000000| Untracked 
| 121|0x0000000279000000, 0x0000000279000000, 0x000000027a000000|  0%| F|  |TAMS 0x0000000279000000| PB 0x0000000279000000| Untracked 
| 122|0x000000027a000000, 0x000000027a000000, 0x000000027b000000|  0%| F|  |TAMS 0x000000027a000000| PB 0x000000027a000000| Untracked 
| 123|0x000000027b000000, 0x000000027b000000, 0x000000027c000000|  0%| F|  |TAMS 0x000000027b000000| PB 0x000000027b000000| Untracked 
| 124|0x000000027c000000, 0x000000027c000000, 0x000000027d000000|  0%| F|  |TAMS 0x000000027c000000| PB 0x000000027c000000| Untracked 
| 125|0x000000027d000000, 0x000000027d000000, 0x000000027e000000|  0%| F|  |TAMS 0x000000027d000000| PB 0x000000027d000000| Untracked 
| 126|0x000000027e000000, 0x000000027e000000, 0x000000027f000000|  0%| F|  |TAMS 0x000000027e000000| PB 0x000000027e000000| Untracked 
| 127|0x000000027f000000, 0x000000027f000000, 0x0000000280000000|  0%| F|  |TAMS 0x000000027f000000| PB 0x000000027f000000| Untracked 
| 128|0x0000000280000000, 0x0000000280000000, 0x0000000281000000|  0%| F|  |TAMS 0x0000000280000000| PB 0x0000000280000000| Untracked 
| 129|0x0000000281000000, 0x0000000281000000, 0x0000000282000000|  0%| F|  |TAMS 0x0000000281000000| PB 0x0000000281000000| Untracked 
| 130|0x0000000282000000, 0x0000000282000000, 0x0000000283000000|  0%| F|  |TAMS 0x0000000282000000| PB 0x0000000282000000| Untracked 
| 131|0x0000000283000000, 0x0000000283000000, 0x0000000284000000|  0%| F|  |TAMS 0x0000000283000000| PB 0x0000000283000000| Untracked 
| 132|0x0000000284000000, 0x0000000284000000, 0x0000000285000000|  0%| F|  |TAMS 0x0000000284000000| PB 0x0000000284000000| Untracked 
| 133|0x0000000285000000, 0x0000000285000000, 0x0000000286000000|  0%| F|  |TAMS 0x0000000285000000| PB 0x0000000285000000| Untracked 
| 134|0x0000000286000000, 0x0000000286000000, 0x0000000287000000|  0%| F|  |TAMS 0x0000000286000000| PB 0x0000000286000000| Untracked 
| 135|0x0000000287000000, 0x0000000287000000, 0x0000000288000000|  0%| F|  |TAMS 0x0000000287000000| PB 0x0000000287000000| Untracked 
| 136|0x0000000288000000, 0x0000000288000000, 0x0000000289000000|  0%| F|  |TAMS 0x0000000288000000| PB 0x0000000288000000| Untracked 
| 137|0x0000000289000000, 0x0000000289000000, 0x000000028a000000|  0%| F|  |TAMS 0x0000000289000000| PB 0x0000000289000000| Untracked 
| 138|0x000000028a000000, 0x000000028a000000, 0x000000028b000000|  0%| F|  |TAMS 0x000000028a000000| PB 0x000000028a000000| Untracked 
| 139|0x000000028b000000, 0x000000028b3c5f00, 0x000000028c000000| 23%| S|CS|TAMS 0x000000028b000000| PB 0x000000028b000000| Complete 
| 140|0x000000028c000000, 0x000000028d000000, 0x000000028d000000|100%| S|CS|TAMS 0x000000028c000000| PB 0x000000028c000000| Complete 
| 141|0x000000028d000000, 0x000000028e000000, 0x000000028e000000|100%| S|CS|TAMS 0x000000028d000000| PB 0x000000028d000000| Complete 
| 142|0x000000028e000000, 0x000000028e000000, 0x000000028f000000|  0%| F|  |TAMS 0x000000028e000000| PB 0x000000028e000000| Untracked 
| 143|0x000000028f000000, 0x000000028f000000, 0x0000000290000000|  0%| F|  |TAMS 0x000000028f000000| PB 0x000000028f000000| Untracked 
| 144|0x0000000290000000, 0x0000000290000000, 0x0000000291000000|  0%| F|  |TAMS 0x0000000290000000| PB 0x0000000290000000| Untracked 
| 145|0x0000000291000000, 0x0000000291000000, 0x0000000292000000|  0%| F|  |TAMS 0x0000000291000000| PB 0x0000000291000000| Untracked 
| 146|0x0000000292000000, 0x0000000292000000, 0x0000000293000000|  0%| F|  |TAMS 0x0000000292000000| PB 0x0000000292000000| Untracked 
| 147|0x0000000293000000, 0x0000000293000000, 0x0000000294000000|  0%| F|  |TAMS 0x0000000293000000| PB 0x0000000293000000| Untracked 
| 148|0x0000000294000000, 0x0000000294000000, 0x0000000295000000|  0%| F|  |TAMS 0x0000000294000000| PB 0x0000000294000000| Untracked 
| 149|0x0000000295000000, 0x0000000295000000, 0x0000000296000000|  0%| F|  |TAMS 0x0000000295000000| PB 0x0000000295000000| Untracked 
| 150|0x0000000296000000, 0x0000000296000000, 0x0000000297000000|  0%| F|  |TAMS 0x0000000296000000| PB 0x0000000296000000| Untracked 
| 151|0x0000000297000000, 0x0000000297000000, 0x0000000298000000|  0%| F|  |TAMS 0x0000000297000000| PB 0x0000000297000000| Untracked 
| 152|0x0000000298000000, 0x0000000298000000, 0x0000000299000000|  0%| F|  |TAMS 0x0000000298000000| PB 0x0000000298000000| Untracked 
| 153|0x0000000299000000, 0x0000000299000000, 0x000000029a000000|  0%| F|  |TAMS 0x0000000299000000| PB 0x0000000299000000| Untracked 
| 154|0x000000029a000000, 0x000000029a000000, 0x000000029b000000|  0%| F|  |TAMS 0x000000029a000000| PB 0x000000029a000000| Untracked 
| 155|0x000000029b000000, 0x000000029b000000, 0x000000029c000000|  0%| F|  |TAMS 0x000000029b000000| PB 0x000000029b000000| Untracked 
| 156|0x000000029c000000, 0x000000029c000000, 0x000000029d000000|  0%| F|  |TAMS 0x000000029c000000| PB 0x000000029c000000| Untracked 
| 157|0x000000029d000000, 0x000000029d000000, 0x000000029e000000|  0%| F|  |TAMS 0x000000029d000000| PB 0x000000029d000000| Untracked 
| 158|0x000000029e000000, 0x000000029e000000, 0x000000029f000000|  0%| F|  |TAMS 0x000000029e000000| PB 0x000000029e000000| Untracked 
| 159|0x000000029f000000, 0x000000029f000000, 0x00000002a0000000|  0%| F|  |TAMS 0x000000029f000000| PB 0x000000029f000000| Untracked 
| 160|0x00000002a0000000, 0x00000002a0000000, 0x00000002a1000000|  0%| F|  |TAMS 0x00000002a0000000| PB 0x00000002a0000000| Untracked 
| 161|0x00000002a1000000, 0x00000002a1000000, 0x00000002a2000000|  0%| F|  |TAMS 0x00000002a1000000| PB 0x00000002a1000000| Untracked 
| 162|0x00000002a2000000, 0x00000002a2000000, 0x00000002a3000000|  0%| F|  |TAMS 0x00000002a2000000| PB 0x00000002a2000000| Untracked 
| 163|0x00000002a3000000, 0x00000002a3000000, 0x00000002a4000000|  0%| F|  |TAMS 0x00000002a3000000| PB 0x00000002a3000000| Untracked 
| 164|0x00000002a4000000, 0x00000002a4000000, 0x00000002a5000000|  0%| F|  |TAMS 0x00000002a4000000| PB 0x00000002a4000000| Untracked 
| 165|0x00000002a5000000, 0x00000002a5000000, 0x00000002a6000000|  0%| F|  |TAMS 0x00000002a5000000| PB 0x00000002a5000000| Untracked 
| 166|0x00000002a6000000, 0x00000002a6000000, 0x00000002a7000000|  0%| F|  |TAMS 0x00000002a6000000| PB 0x00000002a6000000| Untracked 
| 167|0x00000002a7000000, 0x00000002a7000000, 0x00000002a8000000|  0%| F|  |TAMS 0x00000002a7000000| PB 0x00000002a7000000| Untracked 
| 168|0x00000002a8000000, 0x00000002a8000000, 0x00000002a9000000|  0%| F|  |TAMS 0x00000002a8000000| PB 0x00000002a8000000| Untracked 
| 169|0x00000002a9000000, 0x00000002a9000000, 0x00000002aa000000|  0%| F|  |TAMS 0x00000002a9000000| PB 0x00000002a9000000| Untracked 
| 170|0x00000002aa000000, 0x00000002aa000000, 0x00000002ab000000|  0%| F|  |TAMS 0x00000002aa000000| PB 0x00000002aa000000| Untracked 
| 171|0x00000002ab000000, 0x00000002ab000000, 0x00000002ac000000|  0%| F|  |TAMS 0x00000002ab000000| PB 0x00000002ab000000| Untracked 
| 172|0x00000002ac000000, 0x00000002ac000000, 0x00000002ad000000|  0%| F|  |TAMS 0x00000002ac000000| PB 0x00000002ac000000| Untracked 
| 173|0x00000002ad000000, 0x00000002ad000000, 0x00000002ae000000|  0%| F|  |TAMS 0x00000002ad000000| PB 0x00000002ad000000| Untracked 
| 174|0x00000002ae000000, 0x00000002ae000000, 0x00000002af000000|  0%| F|  |TAMS 0x00000002ae000000| PB 0x00000002ae000000| Untracked 
| 175|0x00000002af000000, 0x00000002af000000, 0x00000002b0000000|  0%| F|  |TAMS 0x00000002af000000| PB 0x00000002af000000| Untracked 
| 176|0x00000002b0000000, 0x00000002b0000000, 0x00000002b1000000|  0%| F|  |TAMS 0x00000002b0000000| PB 0x00000002b0000000| Untracked 
| 177|0x00000002b1000000, 0x00000002b1000000, 0x00000002b2000000|  0%| F|  |TAMS 0x00000002b1000000| PB 0x00000002b1000000| Untracked 
| 178|0x00000002b2000000, 0x00000002b2000000, 0x00000002b3000000|  0%| F|  |TAMS 0x00000002b2000000| PB 0x00000002b2000000| Untracked 
| 179|0x00000002b3000000, 0x00000002b3000000, 0x00000002b4000000|  0%| F|  |TAMS 0x00000002b3000000| PB 0x00000002b3000000| Untracked 
| 180|0x00000002b4000000, 0x00000002b4000000, 0x00000002b5000000|  0%| F|  |TAMS 0x00000002b4000000| PB 0x00000002b4000000| Untracked 
| 181|0x00000002b5000000, 0x00000002b5000000, 0x00000002b6000000|  0%| F|  |TAMS 0x00000002b5000000| PB 0x00000002b5000000| Untracked 
| 182|0x00000002b6000000, 0x00000002b6000000, 0x00000002b7000000|  0%| F|  |TAMS 0x00000002b6000000| PB 0x00000002b6000000| Untracked 
| 183|0x00000002b7000000, 0x00000002b7000000, 0x00000002b8000000|  0%| F|  |TAMS 0x00000002b7000000| PB 0x00000002b7000000| Untracked 
| 184|0x00000002b8000000, 0x00000002b8000000, 0x00000002b9000000|  0%| F|  |TAMS 0x00000002b8000000| PB 0x00000002b8000000| Untracked 
| 185|0x00000002b9000000, 0x00000002b9000000, 0x00000002ba000000|  0%| F|  |TAMS 0x00000002b9000000| PB 0x00000002b9000000| Untracked 
| 186|0x00000002ba000000, 0x00000002ba000000, 0x00000002bb000000|  0%| F|  |TAMS 0x00000002ba000000| PB 0x00000002ba000000| Untracked 
| 187|0x00000002bb000000, 0x00000002bb000000, 0x00000002bc000000|  0%| F|  |TAMS 0x00000002bb000000| PB 0x00000002bb000000| Untracked 
| 188|0x00000002bc000000, 0x00000002bc000000, 0x00000002bd000000|  0%| F|  |TAMS 0x00000002bc000000| PB 0x00000002bc000000| Untracked 
| 189|0x00000002bd000000, 0x00000002bd000000, 0x00000002be000000|  0%| F|  |TAMS 0x00000002bd000000| PB 0x00000002bd000000| Untracked 
| 190|0x00000002be000000, 0x00000002be000000, 0x00000002bf000000|  0%| F|  |TAMS 0x00000002be000000| PB 0x00000002be000000| Untracked 
| 191|0x00000002bf000000, 0x00000002bf000000, 0x00000002c0000000|  0%| F|  |TAMS 0x00000002bf000000| PB 0x00000002bf000000| Untracked 
| 192|0x00000002c0000000, 0x00000002c0000000, 0x00000002c1000000|  0%| F|  |TAMS 0x00000002c0000000| PB 0x00000002c0000000| Untracked 
| 193|0x00000002c1000000, 0x00000002c1000000, 0x00000002c2000000|  0%| F|  |TAMS 0x00000002c1000000| PB 0x00000002c1000000| Untracked 
| 194|0x00000002c2000000, 0x00000002c2000000, 0x00000002c3000000|  0%| F|  |TAMS 0x00000002c2000000| PB 0x00000002c2000000| Untracked 
| 195|0x00000002c3000000, 0x00000002c3000000, 0x00000002c4000000|  0%| F|  |TAMS 0x00000002c3000000| PB 0x00000002c3000000| Untracked 
| 196|0x00000002c4000000, 0x00000002c4000000, 0x00000002c5000000|  0%| F|  |TAMS 0x00000002c4000000| PB 0x00000002c4000000| Untracked 
| 197|0x00000002c5000000, 0x00000002c5000000, 0x00000002c6000000|  0%| F|  |TAMS 0x00000002c5000000| PB 0x00000002c5000000| Untracked 
| 198|0x00000002c6000000, 0x00000002c6000000, 0x00000002c7000000|  0%| F|  |TAMS 0x00000002c6000000| PB 0x00000002c6000000| Untracked 
| 199|0x00000002c7000000, 0x00000002c7000000, 0x00000002c8000000|  0%| F|  |TAMS 0x00000002c7000000| PB 0x00000002c7000000| Untracked 
| 200|0x00000002c8000000, 0x00000002c8000000, 0x00000002c9000000|  0%| F|  |TAMS 0x00000002c8000000| PB 0x00000002c8000000| Untracked 
| 201|0x00000002c9000000, 0x00000002c9000000, 0x00000002ca000000|  0%| F|  |TAMS 0x00000002c9000000| PB 0x00000002c9000000| Untracked 
| 202|0x00000002ca000000, 0x00000002ca000000, 0x00000002cb000000|  0%| F|  |TAMS 0x00000002ca000000| PB 0x00000002ca000000| Untracked 
| 203|0x00000002cb000000, 0x00000002cb000000, 0x00000002cc000000|  0%| F|  |TAMS 0x00000002cb000000| PB 0x00000002cb000000| Untracked 
| 204|0x00000002cc000000, 0x00000002cc000000, 0x00000002cd000000|  0%| F|  |TAMS 0x00000002cc000000| PB 0x00000002cc000000| Untracked 
| 205|0x00000002cd000000, 0x00000002cd000000, 0x00000002ce000000|  0%| F|  |TAMS 0x00000002cd000000| PB 0x00000002cd000000| Untracked 
| 206|0x00000002ce000000, 0x00000002ce000000, 0x00000002cf000000|  0%| F|  |TAMS 0x00000002ce000000| PB 0x00000002ce000000| Untracked 
| 207|0x00000002cf000000, 0x00000002cf000000, 0x00000002d0000000|  0%| F|  |TAMS 0x00000002cf000000| PB 0x00000002cf000000| Untracked 
| 208|0x00000002d0000000, 0x00000002d0000000, 0x00000002d1000000|  0%| F|  |TAMS 0x00000002d0000000| PB 0x00000002d0000000| Untracked 
| 209|0x00000002d1000000, 0x00000002d1000000, 0x00000002d2000000|  0%| F|  |TAMS 0x00000002d1000000| PB 0x00000002d1000000| Untracked 
| 210|0x00000002d2000000, 0x00000002d2000000, 0x00000002d3000000|  0%| F|  |TAMS 0x00000002d2000000| PB 0x00000002d2000000| Untracked 
| 211|0x00000002d3000000, 0x00000002d3000000, 0x00000002d4000000|  0%| F|  |TAMS 0x00000002d3000000| PB 0x00000002d3000000| Untracked 
| 212|0x00000002d4000000, 0x00000002d4000000, 0x00000002d5000000|  0%| F|  |TAMS 0x00000002d4000000| PB 0x00000002d4000000| Untracked 
| 213|0x00000002d5000000, 0x00000002d5000000, 0x00000002d6000000|  0%| F|  |TAMS 0x00000002d5000000| PB 0x00000002d5000000| Untracked 
| 214|0x00000002d6000000, 0x00000002d6000000, 0x00000002d7000000|  0%| F|  |TAMS 0x00000002d6000000| PB 0x00000002d6000000| Untracked 
| 215|0x00000002d7000000, 0x00000002d7000000, 0x00000002d8000000|  0%| F|  |TAMS 0x00000002d7000000| PB 0x00000002d7000000| Untracked 
| 216|0x00000002d8000000, 0x00000002d8000000, 0x00000002d9000000|  0%| F|  |TAMS 0x00000002d8000000| PB 0x00000002d8000000| Untracked 
| 217|0x00000002d9000000, 0x00000002d9000000, 0x00000002da000000|  0%| F|  |TAMS 0x00000002d9000000| PB 0x00000002d9000000| Untracked 
| 218|0x00000002da000000, 0x00000002da000000, 0x00000002db000000|  0%| F|  |TAMS 0x00000002da000000| PB 0x00000002da000000| Untracked 
| 219|0x00000002db000000, 0x00000002db000000, 0x00000002dc000000|  0%| F|  |TAMS 0x00000002db000000| PB 0x00000002db000000| Untracked 
| 220|0x00000002dc000000, 0x00000002dc000000, 0x00000002dd000000|  0%| F|  |TAMS 0x00000002dc000000| PB 0x00000002dc000000| Untracked 
| 221|0x00000002dd000000, 0x00000002dd000000, 0x00000002de000000|  0%| F|  |TAMS 0x00000002dd000000| PB 0x00000002dd000000| Untracked 
|1499|0x00000007db000000, 0x00000007dc000000, 0x00000007dc000000|100%| O|  |TAMS 0x00000007dc000000| PB 0x00000007db000000| Untracked 
|1500|0x00000007dc000000, 0x00000007dc000000, 0x00000007dd000000|  0%| F|  |TAMS 0x00000007dc000000| PB 0x00000007dc000000| Untracked 
|1501|0x00000007dd000000, 0x00000007de000000, 0x00000007de000000|100%| O|  |TAMS 0x00000007de000000| PB 0x00000007dd000000| Untracked 
|1502|0x00000007de000000, 0x00000007de000000, 0x00000007df000000|  0%| F|  |TAMS 0x00000007de000000| PB 0x00000007de000000| Untracked 
|1503|0x00000007df000000, 0x00000007df000000, 0x00000007e0000000|  0%| F|  |TAMS 0x00000007df000000| PB 0x00000007df000000| Untracked 
|1504|0x00000007e0000000, 0x00000007e0000000, 0x00000007e1000000|  0%| F|  |TAMS 0x00000007e0000000| PB 0x00000007e0000000| Untracked 
|1505|0x00000007e1000000, 0x00000007e1000000, 0x00000007e2000000|  0%| F|  |TAMS 0x00000007e1000000| PB 0x00000007e1000000| Untracked 
|1506|0x00000007e2000000, 0x00000007e2000000, 0x00000007e3000000|  0%| F|  |TAMS 0x00000007e2000000| PB 0x00000007e2000000| Untracked 
|1507|0x00000007e3000000, 0x00000007e3000000, 0x00000007e4000000|  0%| F|  |TAMS 0x00000007e3000000| PB 0x00000007e3000000| Untracked 
|1508|0x00000007e4000000, 0x00000007e4000000, 0x00000007e5000000|  0%| F|  |TAMS 0x00000007e4000000| PB 0x00000007e4000000| Untracked 
|1509|0x00000007e5000000, 0x00000007e5000000, 0x00000007e6000000|  0%| F|  |TAMS 0x00000007e5000000| PB 0x00000007e5000000| Untracked 
|1510|0x00000007e6000000, 0x00000007e6000000, 0x00000007e7000000|  0%| F|  |TAMS 0x00000007e6000000| PB 0x00000007e6000000| Untracked 
|1511|0x00000007e7000000, 0x00000007e7000000, 0x00000007e8000000|  0%| F|  |TAMS 0x00000007e7000000| PB 0x00000007e7000000| Untracked 
|1512|0x00000007e8000000, 0x00000007e8000000, 0x00000007e9000000|  0%| F|  |TAMS 0x00000007e8000000| PB 0x00000007e8000000| Untracked 
|1513|0x00000007e9000000, 0x00000007e9000000, 0x00000007ea000000|  0%| F|  |TAMS 0x00000007e9000000| PB 0x00000007e9000000| Untracked 
|1514|0x00000007ea000000, 0x00000007ea000000, 0x00000007eb000000|  0%| F|  |TAMS 0x00000007ea000000| PB 0x00000007ea000000| Untracked 
|1515|0x00000007eb000000, 0x00000007eb000000, 0x00000007ec000000|  0%| F|  |TAMS 0x00000007eb000000| PB 0x00000007eb000000| Untracked 
|1516|0x00000007ec000000, 0x00000007ec000000, 0x00000007ed000000|  0%| F|  |TAMS 0x00000007ec000000| PB 0x00000007ec000000| Untracked 
|1517|0x00000007ed000000, 0x00000007ed000000, 0x00000007ee000000|  0%| F|  |TAMS 0x00000007ed000000| PB 0x00000007ed000000| Untracked 
|1518|0x00000007ee000000, 0x00000007ee000000, 0x00000007ef000000|  0%| F|  |TAMS 0x00000007ee000000| PB 0x00000007ee000000| Untracked 
|1519|0x00000007ef000000, 0x00000007ef000000, 0x00000007f0000000|  0%| F|  |TAMS 0x00000007ef000000| PB 0x00000007ef000000| Untracked 
|1520|0x00000007f0000000, 0x00000007f0000000, 0x00000007f1000000|  0%| F|  |TAMS 0x00000007f0000000| PB 0x00000007f0000000| Untracked 
|1521|0x00000007f1000000, 0x00000007f1000000, 0x00000007f2000000|  0%| F|  |TAMS 0x00000007f1000000| PB 0x00000007f1000000| Untracked 
|1522|0x00000007f2000000, 0x00000007f2000000, 0x00000007f3000000|  0%| F|  |TAMS 0x00000007f2000000| PB 0x00000007f2000000| Untracked 
|1523|0x00000007f3000000, 0x00000007f3000000, 0x00000007f4000000|  0%| F|  |TAMS 0x00000007f3000000| PB 0x00000007f3000000| Untracked 
|1524|0x00000007f4000000, 0x00000007f4000000, 0x00000007f5000000|  0%| F|  |TAMS 0x00000007f4000000| PB 0x00000007f4000000| Untracked 
|1525|0x00000007f5000000, 0x00000007f5000000, 0x00000007f6000000|  0%| F|  |TAMS 0x00000007f5000000| PB 0x00000007f5000000| Untracked 
|1526|0x00000007f6000000, 0x00000007f6000000, 0x00000007f7000000|  0%| F|  |TAMS 0x00000007f6000000| PB 0x00000007f6000000| Untracked 
|1527|0x00000007f7000000, 0x00000007f7000000, 0x00000007f8000000|  0%| F|  |TAMS 0x00000007f7000000| PB 0x00000007f7000000| Untracked 
|1528|0x00000007f8000000, 0x00000007f8000000, 0x00000007f9000000|  0%| F|  |TAMS 0x00000007f8000000| PB 0x00000007f8000000| Untracked 
|1529|0x00000007f9000000, 0x00000007f9000000, 0x00000007fa000000|  0%| F|  |TAMS 0x00000007f9000000| PB 0x00000007f9000000| Untracked 
|1530|0x00000007fa000000, 0x00000007fa000000, 0x00000007fb000000|  0%| F|  |TAMS 0x00000007fa000000| PB 0x00000007fa000000| Untracked 
|1531|0x00000007fb000000, 0x00000007fb000000, 0x00000007fc000000|  0%| F|  |TAMS 0x00000007fb000000| PB 0x00000007fb000000| Untracked 
|1532|0x00000007fc000000, 0x00000007fc000000, 0x00000007fd000000|  0%| F|  |TAMS 0x00000007fc000000| PB 0x00000007fc000000| Untracked 
|1533|0x00000007fd000000, 0x00000007fd000000, 0x00000007fe000000|  0%| F|  |TAMS 0x00000007fd000000| PB 0x00000007fd000000| Untracked 
|1534|0x00000007fe000000, 0x00000007fe000000, 0x00000007ff000000|  0%| F|  |TAMS 0x00000007fe000000| PB 0x00000007fe000000| Untracked 
|1535|0x00000007ff000000, 0x00000007ff000000, 0x0000000800000000|  0%| F|  |TAMS 0x00000007ff000000| PB 0x00000007ff000000| Untracked 

Card table byte_map: [0x00007b5922800000,0x00007b5925800000] _byte_map_base: 0x00007b5921800000

Marking Bits: (CMBitMap*) 0x00007b5940043460
 Bits: [0x00007b590a800000, 0x00007b5922800000)

Polling page: 0x00007b5946c99000

Metaspace:

Usage:
  Non-class:    179.03 MB used.
      Class:     32.29 MB used.
       Both:    211.33 MB used.

Virtual space:
  Non-class space:      192.00 MB reserved,     180.19 MB ( 94%) committed,  3 nodes.
      Class space:        1.00 GB reserved,      33.25 MB (  3%) committed,  1 nodes.
             Both:        1.19 GB reserved,     213.44 MB ( 18%) committed. 

Chunk freelists:
   Non-Class:  11.62 MB
       Class:  14.64 MB
        Both:  26.27 MB

MaxMetaspaceSize: unlimited
CompressedClassSpaceSize: 1.00 GB
Initial GC threshold: 21.00 MB
Current GC threshold: 355.44 MB
CDS: on
 - commit_granule_bytes: 65536.
 - commit_granule_words: 8192.
 - virtual_space_node_default_size: 8388608.
 - enlarge_chunks_in_place: 1.
 - use_allocation_guard: 0.


Internal statistics:

num_allocs_failed_limit: 139.
num_arena_births: 3496.
num_arena_deaths: 8.
num_vsnodes_births: 4.
num_vsnodes_deaths: 0.
num_space_committed: 3405.
num_space_uncommitted: 0.
num_chunks_returned_to_freelist: 149.
num_chunks_taken_from_freelist: 13032.
num_chunk_merges: 130.
num_chunk_splits: 8429.
num_chunks_enlarged: 5570.
num_inconsistent_stats: 0.

CodeHeap 'non-profiled nmethods': size=120036Kb used=52361Kb max_used=52361Kb free=67674Kb
 bounds [0x00007b59302c7000, 0x00007b5933627000, 0x00007b5937800000]
CodeHeap 'profiled nmethods': size=120032Kb used=31329Kb max_used=58226Kb free=88702Kb
 bounds [0x00007b5928800000, 0x00007b592c0e0000, 0x00007b592fd38000]
CodeHeap 'non-nmethods': size=5692Kb used=3042Kb max_used=3121Kb free=2649Kb
 bounds [0x00007b592fd38000, 0x00007b5930058000, 0x00007b59302c7000]
CodeCache: size=245760Kb, used=86732Kb, max_used=113708Kb, free=159025Kb
 total_blobs=22779, nmethods=20914, adapters=1764, full_count=0
Compilation: enabled, stopped_count=0, restarted_count=0

Compilation events (20 events):
Event: 2535.532 Thread 0x00007b59400d0520 63494       4       io.papermc.paper.event.entity.EntityInsideBlockEvent::<init> (11 bytes)
Event: 2535.550 Thread 0x00007b59400d0520 nmethod 63494 0x00007b5931070e10 code [0x00007b5931070fa0, 0x00007b5931071210]
Event: 2535.744 Thread 0x00007b59400d0520 63495       4       net.minecraft.world.level.saveddata.maps.MapItemSavedData::tickCarriedBy (550 bytes)
Event: 2535.996 Thread 0x00007b59400d1be0 63496       3       io.netty.channel.AbstractChannel$AbstractUnsafe::safeSetSuccess (28 bytes)
Event: 2536.099 Thread 0x00007b59400d1be0 nmethod 63496 0x00007b5929927c10 code [0x00007b5929927e20, 0x00007b59299283e8]
Event: 2536.275 Thread 0x00007b59400d1be0 63497       3       net.kyori.adventure.text.minimessage.internal.parser.TokenParser::unescape (197 bytes)
Event: 2536.277 Thread 0x00007b59400d1be0 nmethod 63497 0x00007b5928da0910 code [0x00007b5928da0c40, 0x00007b5928da1be8]
Event: 2537.435 Thread 0x00007b59400d1be0 63498       3       com.google.common.collect.Collections2$FilteredCollection::<init> (15 bytes)
Event: 2537.440 Thread 0x00007b59400d1be0 nmethod 63498 0x00007b5928da0390 code [0x00007b5928da0540, 0x00007b5928da07c8]
Event: 2537.441 Thread 0x00007b59400d1be0 63499       3       com.google.common.collect.Collections2::filter (38 bytes)
Event: 2537.443 Thread 0x00007b59400d1be0 nmethod 63499 0x00007b5928d60a10 code [0x00007b5928d60c40, 0x00007b5928d616d0]
Event: 2537.443 Thread 0x00007b59400d1be0 63500       3       com.google.common.collect.Collections2$FilteredCollection::spliterator (17 bytes)
Event: 2537.448 Thread 0x00007b59400d1be0 nmethod 63500 0x00007b5928d5fd10 code [0x00007b5928d5ff20, 0x00007b5928d605f8]
Event: 2537.582 Thread 0x00007b59400d0520 nmethod 63495 0x00007b5933602490 code [0x00007b5933602f80, 0x00007b593360bab8]
Event: 2537.796 Thread 0x00007b59400d1be0 63501       3       net.minecraft.network.protocol.game.ClientboundEntityEventPacket::<init> (18 bytes)
Event: 2537.797 Thread 0x00007b59400d1be0 nmethod 63501 0x00007b5929927590 code [0x00007b5929927720, 0x00007b5929927928]
Event: 2538.803 Thread 0x00007b59400d0520 63502       4       java.lang.runtime.ObjectMethods::eq (11 bytes)
Event: 2538.804 Thread 0x00007b59400d0520 nmethod 63502 0x00007b5931070b10 code [0x00007b5931070c80, 0x00007b5931070d08]
Event: 2539.698 Thread 0x00007b59400d0520 63503       4       java.lang.invoke.LambdaForm$MH/0x00007b58b4308c00::linkToTargetMethod (11 bytes)
Event: 2539.701 Thread 0x00007b59400d0520 nmethod 63503 0x00007b5931070710 code [0x00007b59310708a0, 0x00007b59310709a8]

GC Heap History (20 events):
Event: 2452.100 GC heap after
{Heap after GC invocations=201 (full 0):
 garbage-first heap   total 3112960K, used 1260686K [0x0000000200000000, 0x0000000800000000)
  region size 16384K, 10 young (163840K), 10 survivors (163840K)
 Metaspace       used 216246K, committed 218496K, reserved 1245184K
  class space    used 33058K, committed 34048K, reserved 1048576K
}
Event: 2465.725 GC heap before
{Heap before GC invocations=201 (full 0):
 garbage-first heap   total 3112960K, used 2784398K [0x0000000200000000, 0x0000000800000000)
  region size 16384K, 103 young (1687552K), 10 survivors (163840K)
 Metaspace       used 216274K, committed 218496K, reserved 1245184K
  class space    used 33059K, committed 34048K, reserved 1048576K
}
Event: 2466.271 GC heap after
{Heap after GC invocations=202 (full 0):
 garbage-first heap   total 3112960K, used 1302902K [0x0000000200000000, 0x0000000800000000)
  region size 16384K, 7 young (114688K), 7 survivors (114688K)
 Metaspace       used 216274K, committed 218496K, reserved 1245184K
  class space    used 33059K, committed 34048K, reserved 1048576K
}
Event: 2466.401 GC heap before
{Heap before GC invocations=202 (full 0):
 garbage-first heap   total 3112960K, used 1335670K [0x0000000200000000, 0x0000000800000000)
  region size 16384K, 10 young (163840K), 7 survivors (114688K)
 Metaspace       used 216274K, committed 218496K, reserved 1245184K
  class space    used 33059K, committed 34048K, reserved 1048576K
}
Event: 2466.491 GC heap after
{Heap after GC invocations=203 (full 0):
 garbage-first heap   total 3112960K, used 1318912K [0x0000000200000000, 0x0000000800000000)
  region size 16384K, 1 young (16384K), 1 survivors (16384K)
 Metaspace       used 216274K, committed 218496K, reserved 1245184K
  class space    used 33059K, committed 34048K, reserved 1048576K
}
Event: 2481.705 GC heap before
{Heap before GC invocations=204 (full 0):
 garbage-first heap   total 3112960K, used 2940927K [0x0000000200000000, 0x0000000800000000)
  region size 16384K, 100 young (1638400K), 1 survivors (16384K)
 Metaspace       used 216301K, committed 218496K, reserved 1245184K
  class space    used 33063K, committed 34048K, reserved 1048576K
}
Event: 2481.883 GC heap after
{Heap after GC invocations=205 (full 0):
 garbage-first heap   total 3112960K, used 1357067K [0x0000000200000000, 0x0000000800000000)
  region size 16384K, 4 young (65536K), 4 survivors (65536K)
 Metaspace       used 216301K, committed 218496K, reserved 1245184K
  class space    used 33063K, committed 34048K, reserved 1048576K
}
Event: 2496.189 GC heap before
{Heap before GC invocations=205 (full 0):
 garbage-first heap   total 3112960K, used 2929931K [0x0000000200000000, 0x0000000800000000)
  region size 16384K, 100 young (1638400K), 4 survivors (65536K)
 Metaspace       used 216340K, committed 218560K, reserved 1245184K
  class space    used 33063K, committed 34048K, reserved 1048576K
}
Event: 2496.416 GC heap after
{Heap after GC invocations=206 (full 0):
 garbage-first heap   total 3112960K, used 1289087K [0x0000000200000000, 0x0000000800000000)
  region size 16384K, 6 young (98304K), 6 survivors (98304K)
 Metaspace       used 216340K, committed 218560K, reserved 1245184K
  class space    used 33063K, committed 34048K, reserved 1048576K
}
Event: 2501.335 GC heap before
{Heap before GC invocations=206 (full 0):
 garbage-first heap   total 3112960K, used 1911679K [0x0000000200000000, 0x0000000800000000)
  region size 16384K, 44 young (720896K), 6 survivors (98304K)
 Metaspace       used 216351K, committed 218560K, reserved 1245184K
  class space    used 33064K, committed 34048K, reserved 1048576K
}
Event: 2501.457 GC heap after
{Heap after GC invocations=207 (full 0):
 garbage-first heap   total 3112960K, used 1267710K [0x0000000200000000, 0x0000000800000000)
  region size 16384K, 3 young (49152K), 3 survivors (49152K)
 Metaspace       used 216351K, committed 218560K, reserved 1245184K
  class space    used 33064K, committed 34048K, reserved 1048576K
}
Event: 2512.844 GC heap before
{Heap before GC invocations=207 (full 0):
 garbage-first heap   total 3112960K, used 2938878K [0x0000000200000000, 0x0000000800000000)
  region size 16384K, 105 young (1720320K), 3 survivors (49152K)
 Metaspace       used 216360K, committed 218560K, reserved 1245184K
  class space    used 33064K, committed 34048K, reserved 1048576K
}
Event: 2513.377 GC heap after
{Heap after GC invocations=208 (full 0):
 garbage-first heap   total 3768320K, used 1351680K [0x0000000200000000, 0x0000000800000000)
  region size 16384K, 10 young (163840K), 10 survivors (163840K)
 Metaspace       used 216360K, committed 218560K, reserved 1245184K
  class space    used 33064K, committed 34048K, reserved 1048576K
}
Event: 2513.405 GC heap before
{Heap before GC invocations=208 (full 0):
 garbage-first heap   total 3768320K, used 1368064K [0x0000000200000000, 0x0000000800000000)
  region size 16384K, 11 young (180224K), 10 survivors (163840K)
 Metaspace       used 216360K, committed 218560K, reserved 1245184K
  class space    used 33064K, committed 34048K, reserved 1048576K
}
Event: 2513.573 GC heap after
{Heap after GC invocations=209 (full 0):
 garbage-first heap   total 3768320K, used 1350189K [0x0000000200000000, 0x0000000800000000)
  region size 16384K, 1 young (16384K), 1 survivors (16384K)
 Metaspace       used 216360K, committed 218560K, reserved 1245184K
  class space    used 33064K, committed 34048K, reserved 1048576K
}
Event: 2523.138 GC heap before
{Heap before GC invocations=209 (full 0):
 garbage-first heap   total 3768320K, used 2316845K [0x0000000200000000, 0x0000000800000000)
  region size 16384K, 60 young (983040K), 1 survivors (16384K)
 Metaspace       used 216369K, committed 218560K, reserved 1245184K
  class space    used 33064K, committed 34048K, reserved 1048576K
}
Event: 2523.437 GC heap after
{Heap after GC invocations=210 (full 0):
 garbage-first heap   total 3768320K, used 1345082K [0x0000000200000000, 0x0000000800000000)
  region size 16384K, 2 young (32768K), 2 survivors (32768K)
 Metaspace       used 216369K, committed 218560K, reserved 1245184K
  class space    used 33064K, committed 34048K, reserved 1048576K
}
Event: 2524.675 GC heap before
{Heap before GC invocations=210 (full 0):
 garbage-first heap   total 3768320K, used 1508922K [0x0000000200000000, 0x0000000800000000)
  region size 16384K, 12 young (196608K), 2 survivors (32768K)
 Metaspace       used 216369K, committed 218560K, reserved 1245184K
  class space    used 33064K, committed 34048K, reserved 1048576K
}
Event: 2524.948 GC heap after
{Heap after GC invocations=211 (full 0):
 garbage-first heap   total 3768320K, used 1332224K [0x0000000200000000, 0x0000000800000000)
  region size 16384K, 1 young (16384K), 1 survivors (16384K)
 Metaspace       used 216369K, committed 218560K, reserved 1245184K
  class space    used 33064K, committed 34048K, reserved 1048576K
}
Event: 2540.454 GC heap before
{Heap before GC invocations=211 (full 0):
 garbage-first heap   total 3768320K, used 2724864K [0x0000000200000000, 0x0000000800000000)
  region size 16384K, 86 young (1409024K), 1 survivors (16384K)
 Metaspace       used 216396K, committed 218560K, reserved 1245184K
  class space    used 33065K, committed 34048K, reserved 1048576K
}

Dll operation events (20 events):
Event: 0.039 Loaded shared library /usr/lib/jvm/java-21-openjdk-amd64/lib/libjava.so
Event: 0.184 Loaded shared library /usr/lib/jvm/java-21-openjdk-amd64/lib/libjsvml.so
Event: 0.197 Loaded shared library /usr/lib/jvm/java-21-openjdk-amd64/lib/libnio.so
Event: 0.207 Loaded shared library /usr/lib/jvm/java-21-openjdk-amd64/lib/libzip.so
Event: 0.242 Loaded shared library /usr/lib/jvm/java-21-openjdk-amd64/lib/libjimage.so
Event: 0.368 Loaded shared library /usr/lib/jvm/java-21-openjdk-amd64/lib/libnet.so
Event: 2.618 Loaded shared library /usr/lib/jvm/java-21-openjdk-amd64/lib/libmanagement.so
Event: 2.627 Loaded shared library /usr/lib/jvm/java-21-openjdk-amd64/lib/libmanagement_ext.so
Event: 3.134 Loaded shared library /tmp/jlinenative-3.27.1-e11b08e710a2223f-libjlinenative.so
Event: 3.454 Loaded shared library /usr/lib/jvm/java-21-openjdk-amd64/lib/libverify.so
Event: 3.710 Loaded shared library /home/betty/.cache/JNA/temp/jna3691814601349040131.tmp
Event: 14.141 Loaded shared library /usr/lib/jvm/java-21-openjdk-amd64/lib/libjaas.so
Event: 14.153 Loaded shared library /usr/lib/jvm/java-21-openjdk-amd64/lib/libawt.so
Event: 14.158 Loaded shared library /usr/lib/jvm/java-21-openjdk-amd64/lib/libawt_headless.so
Event: 14.606 Loaded shared library /usr/lib/jvm/java-21-openjdk-amd64/lib/libextnet.so
Event: 20.742 Loaded shared library /tmp/libnetty_transport_native_epoll_x86_647749285702466126085.so
Event: 20.826 Loaded shared library /tmp/native-11958531386419622444.so
Event: 20.833 Loaded shared library /tmp/native-7708398935533714348.so
Event: 30.238 Loaded shared library /tmp/sqlite-3.49.1.0-8b1599f0-c56f-422f-9c73-bf68441211e8-libsqlitejdbc.so
Event: 39.814 Loaded shared library /home/betty/plugins/spark/tmp/spark-a0ff414bb04db-libasyncProfiler.so.tmp

Deoptimization events (20 events):
Event: 2529.257 Thread 0x00007b589720e830 Uncommon trap: trap_request=0xffffffde fr.pc=0x00007b59324595a0 relative=0x0000000000000b40
Event: 2529.259 Thread 0x00007b589720e830 Uncommon trap: reason=class_check action=maybe_recompile pc=0x00007b59324595a0 method=java.util.Formatter$FormatSpecifier.localizedMagnitude(Ljava/util/Formatter;Ljava/lang/StringBuilder;Ljava/lang/CharSequence;IIILjava/util/Locale;)Ljava/lang/StringBuild
Event: 2529.259 Thread 0x00007b589720e830 DEOPT PACKING pc=0x00007b59324595a0 sp=0x00007b58b1e027a0
Event: 2529.259 Thread 0x00007b589720e830 DEOPT UNPACKING pc=0x00007b592fd8bf99 sp=0x00007b58b1e02738 mode 2
Event: 2529.260 Thread 0x00007b589720e830 Uncommon trap: trap_request=0xffffffde fr.pc=0x00007b59324595a0 relative=0x0000000000000b40
Event: 2529.260 Thread 0x00007b589720e830 Uncommon trap: reason=class_check action=maybe_recompile pc=0x00007b59324595a0 method=java.util.Formatter$FormatSpecifier.localizedMagnitude(Ljava/util/Formatter;Ljava/lang/StringBuilder;Ljava/lang/CharSequence;IIILjava/util/Locale;)Ljava/lang/StringBuild
Event: 2529.260 Thread 0x00007b589720e830 DEOPT PACKING pc=0x00007b59324595a0 sp=0x00007b58b1e027a0
Event: 2529.260 Thread 0x00007b589720e830 DEOPT UNPACKING pc=0x00007b592fd8bf99 sp=0x00007b58b1e02738 mode 2
Event: 2529.260 Thread 0x00007b589720e830 Uncommon trap: trap_request=0xffffffde fr.pc=0x00007b59324595a0 relative=0x0000000000000b40
Event: 2529.260 Thread 0x00007b589720e830 Uncommon trap: reason=class_check action=maybe_recompile pc=0x00007b59324595a0 method=java.util.Formatter$FormatSpecifier.localizedMagnitude(Ljava/util/Formatter;Ljava/lang/StringBuilder;Ljava/lang/CharSequence;IIILjava/util/Locale;)Ljava/lang/StringBuild
Event: 2529.260 Thread 0x00007b589720e830 DEOPT PACKING pc=0x00007b59324595a0 sp=0x00007b58b1e027a0
Event: 2529.260 Thread 0x00007b589720e830 DEOPT UNPACKING pc=0x00007b592fd8bf99 sp=0x00007b58b1e02738 mode 2
Event: 2529.293 Thread 0x00007b589720e830 Uncommon trap: trap_request=0xffffff45 fr.pc=0x00007b5931e96144 relative=0x0000000000000204
Event: 2529.293 Thread 0x00007b589720e830 Uncommon trap: reason=unstable_if action=reinterpret pc=0x00007b5931e96144 method=it.unimi.dsi.fastutil.longs.LongOpenHashSet.removeEntry(I)Z @ 23 c2
Event: 2529.293 Thread 0x00007b589720e830 DEOPT PACKING pc=0x00007b5931e96144 sp=0x00007b58b1e033b0
Event: 2529.293 Thread 0x00007b589720e830 DEOPT UNPACKING pc=0x00007b592fd8bf99 sp=0x00007b58b1e03368 mode 2
Event: 2529.344 Thread 0x00007b589720e830 Uncommon trap: trap_request=0xffffff45 fr.pc=0x00007b5933441e64 relative=0x0000000000000ce4
Event: 2529.344 Thread 0x00007b589720e830 Uncommon trap: reason=unstable_if action=reinterpret pc=0x00007b5933441e64 method=ca.spottedleaf.moonrise.patches.chunk_system.level.entity.EntityLookup.canRemoveEntity(Lnet/minecraft/world/entity/Entity;)Z @ 35 c2
Event: 2529.344 Thread 0x00007b589720e830 DEOPT PACKING pc=0x00007b5933441e64 sp=0x00007b58b1e03350
Event: 2529.344 Thread 0x00007b589720e830 DEOPT UNPACKING pc=0x00007b592fd8bf99 sp=0x00007b58b1e032b0 mode 2

Classes loaded (20 events):
Event: 202.560 Loading class java/util/function/IntToLongFunction
Event: 202.560 Loading class java/util/function/IntToLongFunction done
Event: 218.894 Loading class sun/net/www/protocol/http/EmptyInputStream
Event: 218.895 Loading class sun/net/www/protocol/http/EmptyInputStream done
Event: 340.791 Loading class java/util/function/DoubleFunction
Event: 340.791 Loading class java/util/function/DoubleFunction done
Event: 684.064 Loading class java/lang/FdLibm$Atan2
Event: 684.065 Loading class java/lang/FdLibm$Atan2 done
Event: 684.065 Loading class java/lang/FdLibm$Atan
Event: 684.065 Loading class java/lang/FdLibm$Atan done
Event: 1019.523 Loading class java/time/OffsetDateTime$1
Event: 1019.523 Loading class java/time/OffsetDateTime$1 done
Event: 1019.528 Loading class java/nio/channels/Channels$ReadableByteChannelImpl
Event: 1019.530 Loading class java/nio/channels/Channels$ReadableByteChannelImpl done
Event: 1020.452 Loading class sun/nio/ch/SocketOutputStream
Event: 1020.452 Loading class sun/nio/ch/SocketOutputStream done
Event: 1175.284 Loading class java/util/DualPivotQuicksort$Sorter
Event: 1175.291 Loading class java/util/DualPivotQuicksort$Sorter done
Event: 1829.134 Loading class java/lang/CharacterData01
Event: 1829.135 Loading class java/lang/CharacterData01 done

Classes unloaded (4 events):
Event: 7.450 Thread 0x00007b59400c0150 Unloading class 0x00007b58b42fdc00 'java/lang/invoke/LambdaForm$DMH+0x00007b58b42fdc00'
Event: 7.450 Thread 0x00007b59400c0150 Unloading class 0x00007b58b42fd400 'java/lang/invoke/LambdaForm$DMH+0x00007b58b42fd400'
Event: 7.450 Thread 0x00007b59400c0150 Unloading class 0x00007b58b42fc400 'java/lang/invoke/LambdaForm$DMH+0x00007b58b42fc400'
Event: 70.439 Thread 0x00007b59400c0150 Unloading class 0x00007b58b5cac000 'java/lang/invoke/LambdaForm$MH+0x00007b58b5cac000'

Classes redefined (0 events):
No events

Internal exceptions (20 events):
Event: 2536.502 Thread 0x00007b588a46bf80 Exception <a 'sun/nio/fs/UnixException'{0x000000029b6e5a68}> (0x000000029b6e5a68) 
thrown [./src/hotspot/share/prims/jni.cpp, line 520]
Event: 2536.502 Thread 0x00007b588a46bf80 Exception <a 'sun/nio/fs/UnixException'{0x000000029b6e6ad0}> (0x000000029b6e6ad0) 
thrown [./src/hotspot/share/prims/jni.cpp, line 520]
Event: 2537.502 Thread 0x00007b588a46bf80 Exception <a 'sun/nio/fs/UnixException'{0x0000000298d10858}> (0x0000000298d10858) 
thrown [./src/hotspot/share/prims/jni.cpp, line 520]
Event: 2537.502 Thread 0x00007b588a46bf80 Exception <a 'sun/nio/fs/UnixException'{0x0000000298d11660}> (0x0000000298d11660) 
thrown [./src/hotspot/share/prims/jni.cpp, line 520]
Event: 2537.502 Thread 0x00007b588a46bf80 Exception <a 'sun/nio/fs/UnixException'{0x0000000298d126b0}> (0x0000000298d126b0) 
thrown [./src/hotspot/share/prims/jni.cpp, line 520]
Event: 2537.502 Thread 0x00007b588a46bf80 Exception <a 'sun/nio/fs/UnixException'{0x0000000298d1a9c8}> (0x0000000298d1a9c8) 
thrown [./src/hotspot/share/prims/jni.cpp, line 520]
Event: 2537.502 Thread 0x00007b588a46bf80 Exception <a 'sun/nio/fs/UnixException'{0x0000000298d21a48}> (0x0000000298d21a48) 
thrown [./src/hotspot/share/prims/jni.cpp, line 520]
Event: 2537.502 Thread 0x00007b588a46bf80 Exception <a 'sun/nio/fs/UnixException'{0x0000000298d22a98}> (0x0000000298d22a98) 
thrown [./src/hotspot/share/prims/jni.cpp, line 520]
Event: 2538.501 Thread 0x00007b588a46bf80 Exception <a 'sun/nio/fs/UnixException'{0x00000002947fbc00}> (0x00000002947fbc00) 
thrown [./src/hotspot/share/prims/jni.cpp, line 520]
Event: 2538.501 Thread 0x00007b588a46bf80 Exception <a 'sun/nio/fs/UnixException'{0x0000000294808d08}> (0x0000000294808d08) 
thrown [./src/hotspot/share/prims/jni.cpp, line 520]
Event: 2538.501 Thread 0x00007b588a46bf80 Exception <a 'sun/nio/fs/UnixException'{0x0000000294809d98}> (0x0000000294809d98) 
thrown [./src/hotspot/share/prims/jni.cpp, line 520]
Event: 2538.501 Thread 0x00007b588a46bf80 Exception <a 'sun/nio/fs/UnixException'{0x00000002948123d0}> (0x00000002948123d0) 
thrown [./src/hotspot/share/prims/jni.cpp, line 520]
Event: 2538.501 Thread 0x00007b588a46bf80 Exception <a 'sun/nio/fs/UnixException'{0x00000002948194b0}> (0x00000002948194b0) 
thrown [./src/hotspot/share/prims/jni.cpp, line 520]
Event: 2538.501 Thread 0x00007b588a46bf80 Exception <a 'sun/nio/fs/UnixException'{0x000000029481a540}> (0x000000029481a540) 
thrown [./src/hotspot/share/prims/jni.cpp, line 520]
Event: 2539.502 Thread 0x00007b588a46bf80 Exception <a 'sun/nio/fs/UnixException'{0x00000002908d0ab8}> (0x00000002908d0ab8) 
thrown [./src/hotspot/share/prims/jni.cpp, line 520]
Event: 2539.505 Thread 0x00007b588a46bf80 Exception <a 'sun/nio/fs/UnixException'{0x00000002908d7b40}> (0x00000002908d7b40) 
thrown [./src/hotspot/share/prims/jni.cpp, line 520]
Event: 2539.505 Thread 0x00007b588a46bf80 Exception <a 'sun/nio/fs/UnixException'{0x00000002908d8948}> (0x00000002908d8948) 
thrown [./src/hotspot/share/prims/jni.cpp, line 520]
Event: 2539.508 Thread 0x00007b588a46bf80 Exception <a 'sun/nio/fs/UnixException'{0x00000002908daf78}> (0x00000002908daf78) 
thrown [./src/hotspot/share/prims/jni.cpp, line 520]
Event: 2539.508 Thread 0x00007b588a46bf80 Exception <a 'sun/nio/fs/UnixException'{0x00000002908e8020}> (0x00000002908e8020) 
thrown [./src/hotspot/share/prims/jni.cpp, line 520]
Event: 2539.508 Thread 0x00007b588a46bf80 Exception <a 'sun/nio/fs/UnixException'{0x00000002908e90b0}> (0x00000002908e90b0) 
thrown [./src/hotspot/share/prims/jni.cpp, line 520]

ZGC Phase Switch (0 events):
No events

VM Operations (20 events):
Event: 2513.576 Executing VM operation: G1CollectForAllocation (G1 Evacuation Pause) done
Event: 2518.578 Executing VM operation: Cleanup
Event: 2518.578 Executing VM operation: Cleanup done
Event: 2522.145 Executing VM operation: HandshakeAllThreads (HandshakeForDeflation)
Event: 2522.148 Executing VM operation: HandshakeAllThreads (HandshakeForDeflation) done
Event: 2522.148 Executing VM operation: RendezvousGCThreads
Event: 2522.149 Executing VM operation: RendezvousGCThreads done
Event: 2523.132 Executing VM operation: G1CollectForAllocation (G1 Evacuation Pause)
Event: 2523.438 Executing VM operation: G1CollectForAllocation (G1 Evacuation Pause) done
Event: 2524.675 Executing VM operation: G1CollectForAllocation (G1 Evacuation Pause)
Event: 2524.949 Executing VM operation: G1CollectForAllocation (G1 Evacuation Pause) done
Event: 2529.952 Executing VM operation: Cleanup
Event: 2529.958 Executing VM operation: Cleanup done
Event: 2530.958 Executing VM operation: Cleanup
Event: 2530.959 Executing VM operation: Cleanup done
Event: 2532.961 Executing VM operation: Cleanup
Event: 2532.965 Executing VM operation: Cleanup done
Event: 2533.965 Executing VM operation: Cleanup
Event: 2533.967 Executing VM operation: Cleanup done
Event: 2540.453 Executing VM operation: G1CollectForAllocation (G1 Evacuation Pause)

Memory protections (20 events):
Event: 2406.646 Protecting memory [0x00007b58b1a05000,0x00007b58b1a09000] with protection modes 0
Event: 2406.648 Protecting memory [0x00007b5882100000,0x00007b5882104000] with protection modes 0
Event: 2440.312 Protecting memory [0x00007b587c4fe000,0x00007b587c502000] with protection modes 0
Event: 2443.734 Protecting memory [0x00007b58b1a05000,0x00007b58b1a09000] with protection modes 0
Event: 2443.737 Protecting memory [0x00007b5882100000,0x00007b5882104000] with protection modes 0
Event: 2443.738 Protecting memory [0x00007b5883c00000,0x00007b5883c04000] with protection modes 0
Event: 2443.748 Protecting memory [0x00007b587a3fe000,0x00007b587a402000] with protection modes 0
Event: 2443.771 Protecting memory [0x00007b58b002d000,0x00007b58b0031000] with protection modes 0
Event: 2443.772 Protecting memory [0x00007b587a3fe000,0x00007b587a402000] with protection modes 0
Event: 2443.935 Protecting memory [0x00007b5883e00000,0x00007b5883e04000] with protection modes 0
Event: 2458.812 Protecting memory [0x00007b587a3fe000,0x00007b587a402000] with protection modes 0
Event: 2458.812 Protecting memory [0x00007b5882100000,0x00007b5882104000] with protection modes 0
Event: 2458.887 Protecting memory [0x00007b587a0fe000,0x00007b587a102000] with protection modes 0
Event: 2458.930 Protecting memory [0x00007b5883d00000,0x00007b5883d04000] with protection modes 0
Event: 2475.670 Protecting memory [0x00007b5883d00000,0x00007b5883d04000] with protection modes 0
Event: 2475.712 Protecting memory [0x00007b587a0fe000,0x00007b587a102000] with protection modes 0
Event: 2500.302 Protecting memory [0x00007b587c4fe000,0x00007b587c502000] with protection modes 0
Event: 2513.908 Protecting memory [0x00007b58b1b05000,0x00007b58b1b09000] with protection modes 0
Event: 2529.974 Protecting memory [0x00007b587a0fe000,0x00007b587a102000] with protection modes 0
Event: 2529.983 Protecting memory [0x00007b5883d00000,0x00007b5883d04000] with protection modes 0

Nmethod flushes (20 events):
Event: 2470.466 Thread 0x00007b59400c0150 flushing  nmethod 0x00007b592a119190
Event: 2470.466 Thread 0x00007b59400c0150 flushing  nmethod 0x00007b592a1fb990
Event: 2470.466 Thread 0x00007b59400c0150 flushing  nmethod 0x00007b592a2a4d90
Event: 2470.466 Thread 0x00007b59400c0150 flushing  nmethod 0x00007b592a2cf090
Event: 2470.466 Thread 0x00007b59400c0150 flushing  nmethod 0x00007b592a304210
Event: 2470.466 Thread 0x00007b59400c0150 flushing  nmethod 0x00007b592a32f090
Event: 2470.466 Thread 0x00007b59400c0150 flushing  nmethod 0x00007b592a524510
Event: 2470.466 Thread 0x00007b59400c0150 flushing  nmethod 0x00007b592a5ff410
Event: 2470.466 Thread 0x00007b59400c0150 flushing  nmethod 0x00007b592a703310
Event: 2470.466 Thread 0x00007b59400c0150 flushing osr nmethod 0x00007b592a7b1010
Event: 2470.466 Thread 0x00007b59400c0150 flushing  nmethod 0x00007b592a954290
Event: 2470.466 Thread 0x00007b59400c0150 flushing  nmethod 0x00007b592ab68710
Event: 2470.466 Thread 0x00007b59400c0150 flushing  nmethod 0x00007b592ae13210
Event: 2470.466 Thread 0x00007b59400c0150 flushing  nmethod 0x00007b592b066f10
Event: 2470.466 Thread 0x00007b59400c0150 flushing  nmethod 0x00007b592b24a890
Event: 2470.466 Thread 0x00007b59400c0150 flushing  nmethod 0x00007b592b393690
Event: 2470.466 Thread 0x00007b59400c0150 flushing  nmethod 0x00007b592b465410
Event: 2470.466 Thread 0x00007b59400c0150 flushing  nmethod 0x00007b592b77bc90
Event: 2470.466 Thread 0x00007b59400c0150 flushing  nmethod 0x00007b592bb8d810
Event: 2470.466 Thread 0x00007b59400c0150 flushing  nmethod 0x00007b592bb8f910

Events (20 events):
Event: 2443.771 Thread 0x00007b5890850a20 Thread added: 0x00007b58ac1610f0
Event: 2443.934 Thread 0x00007b5890379b40 Thread added: 0x00007b5890562330
Event: 2453.940 Thread 0x00007b5890850a20 Thread exited: 0x00007b5890850a20
Event: 2453.942 Thread 0x00007b58ac0ec2a0 Thread exited: 0x00007b58ac0ec2a0
Event: 2458.811 Thread 0x00007b58fc08edc0 Thread added: 0x00007b59001f7990
Event: 2458.812 Thread 0x00007b58fc08edc0 Thread added: 0x00007b5900008a60
Event: 2458.886 Thread 0x00007b58a01301a0 Thread added: 0x00007b58f40d6270
Event: 2458.930 Thread 0x00007b58f40d6270 Thread added: 0x00007b5874d24f40
Event: 2469.696 Thread 0x00007b58f40d6270 Thread exited: 0x00007b58f40d6270
Event: 2469.697 Thread 0x00007b5874d24f40 Thread exited: 0x00007b5874d24f40
Event: 2475.669 Thread 0x00007b58a01301a0 Thread added: 0x00007b58f40d6220
Event: 2475.711 Thread 0x00007b58f40d6220 Thread added: 0x00007b5890850a20
Event: 2492.155 Thread 0x00007b58f40d6220 Thread exited: 0x00007b58f40d6220
Event: 2492.155 Thread 0x00007b5890850a20 Thread exited: 0x00007b5890850a20
Event: 2500.210 Thread 0x00007b58905fd510 Thread exited: 0x00007b58905fd510
Event: 2500.298 Thread 0x00007b588a70f030 Thread added: 0x00007b58905fd510
Event: 2513.900 Thread 0x00007b590407e9d0 Thread exited: 0x00007b590407e9d0
Event: 2513.907 Thread 0x00007b588af4e540 Thread added: 0x00007b590407e9d0
Event: 2529.971 Thread 0x00007b589036df10 Thread added: 0x00007b589701b2d0
Event: 2529.983 Thread 0x00007b589701b2d0 Thread added: 0x00007b58ac0ec2a0


Dynamic libraries:
200000000-2de000000 rw-p 00000000 00:00 0 
2de000000-478000000 ---p 00000000 00:00 0 
478000000-7db000000 ---p 00000000 00:00 0 
7db000000-7ff000000 rw-p 00000000 00:00 0 
7ff000000-7ff10d000 rw-p 00cdf000 fd:01 1036737                          /usr/lib/jvm/java-21-openjdk-amd64/lib/server/classes.jsa
7ff10d000-800000000 rw-p 00000000 00:00 0 
60d192fad000-60d192fae000 r--p 00000000 fd:01 1036664                    /usr/lib/jvm/java-21-openjdk-amd64/bin/java
60d192fae000-60d192faf000 r-xp 00001000 fd:01 1036664                    /usr/lib/jvm/java-21-openjdk-amd64/bin/java
60d192faf000-60d192fb0000 r--p 00002000 fd:01 1036664                    /usr/lib/jvm/java-21-openjdk-amd64/bin/java
60d192fb0000-60d192fb1000 r--p 00002000 fd:01 1036664                    /usr/lib/jvm/java-21-openjdk-amd64/bin/java
60d192fb1000-60d192fb2000 rw-p 00003000 fd:01 1036664                    /usr/lib/jvm/java-21-openjdk-amd64/bin/java
60d1bc645000-60d1bc7d8000 rw-p 00000000 00:00 0                          [heap]
7b5874000000-7b5876ae4000 rw-p 00000000 00:00 0 
7b5876ae4000-7b5878000000 ---p 00000000 00:00 0 
7b5879ffe000-7b587a002000 ---p 00000000 00:00 0 
7b587a002000-7b587a0fe000 rw-p 00000000 00:00 0 
7b587a0fe000-7b587a102000 ---p 00000000 00:00 0 
7b587a102000-7b587a1fe000 rw-p 00000000 00:00 0 
7b587a1fe000-7b587a202000 ---p 00000000 00:00 0 
7b587a202000-7b587a2fe000 rw-p 00000000 00:00 0 
7b587a2fe000-7b587a302000 ---p 00000000 00:00 0 
7b587a302000-7b587a3fe000 rw-p 00000000 00:00 0 
7b587a3fe000-7b587a402000 ---p 00000000 00:00 0 
7b587a402000-7b587a4fe000 rw-p 00000000 00:00 0 
7b587a4fe000-7b587a502000 ---p 00000000 00:00 0 
7b587a502000-7b587a5fe000 rw-p 00000000 00:00 0 
7b587a5fe000-7b587a602000 ---p 00000000 00:00 0 
7b587a602000-7b587a6fe000 rw-p 00000000 00:00 0 
7b587a6fe000-7b587a702000 ---p 00000000 00:00 0 
7b587a702000-7b587a7fe000 rw-p 00000000 00:00 0 
7b587a7fe000-7b587a802000 ---p 00000000 00:00 0 
7b587a802000-7b587a8fe000 rw-p 00000000 00:00 0 
7b587a8fe000-7b587a902000 ---p 00000000 00:00 0 
7b587a902000-7b587a9fe000 rw-p 00000000 00:00 0 
7b587a9fe000-7b587aa02000 ---p 00000000 00:00 0 
7b587aa02000-7b587aafe000 rw-p 00000000 00:00 0 
7b587aafe000-7b587ab02000 ---p 00000000 00:00 0 
7b587ab02000-7b587abfe000 rw-p 00000000 00:00 0 
7b587abfe000-7b587ac02000 ---p 00000000 00:00 0 
7b587ac02000-7b587acfe000 rw-p 00000000 00:00 0 
7b587acfe000-7b587ad02000 ---p 00000000 00:00 0 
7b587ad02000-7b587adfe000 rw-p 00000000 00:00 0 
7b587adfe000-7b587ae02000 ---p 00000000 00:00 0 
7b587ae02000-7b587aefe000 rw-p 00000000 00:00 0 
7b587aefe000-7b587af02000 ---p 00000000 00:00 0 
7b587af02000-7b587affe000 rw-p 00000000 00:00 0 
7b587affe000-7b587b002000 ---p 00000000 00:00 0 
7b587b002000-7b587b0fe000 rw-p 00000000 00:00 0 
7b587b0fe000-7b587b102000 ---p 00000000 00:00 0 
7b587b102000-7b587b1fe000 rw-p 00000000 00:00 0 
7b587b1fe000-7b587b202000 ---p 00000000 00:00 0 
7b587b202000-7b587b2fe000 rw-p 00000000 00:00 0 
7b587b2fe000-7b587b302000 ---p 00000000 00:00 0 
7b587b302000-7b587b3fe000 rw-p 00000000 00:00 0 
7b587b3fe000-7b587b402000 ---p 00000000 00:00 0 
7b587b402000-7b587b4fe000 rw-p 00000000 00:00 0 
7b587b4fe000-7b587b502000 ---p 00000000 00:00 0 
7b587b502000-7b587b5fe000 rw-p 00000000 00:00 0 
7b587b5fe000-7b587b602000 ---p 00000000 00:00 0 
7b587b602000-7b587b6fe000 rw-p 00000000 00:00 0 
7b587b6fe000-7b587b702000 ---p 00000000 00:00 0 
7b587b702000-7b587b7fe000 rw-p 00000000 00:00 0 
7b587b7fe000-7b587b802000 ---p 00000000 00:00 0 
7b587b802000-7b587b8fe000 rw-p 00000000 00:00 0 
7b587b8fe000-7b587b902000 ---p 00000000 00:00 0 
7b587b902000-7b587b9fe000 rw-p 00000000 00:00 0 
7b587b9fe000-7b587ba02000 ---p 00000000 00:00 0 
7b587ba02000-7b587bafe000 rw-p 00000000 00:00 0 
7b587bafe000-7b587bb02000 ---p 00000000 00:00 0 
7b587bb02000-7b587bbfe000 rw-p 00000000 00:00 0 
7b587bbfe000-7b587bc02000 ---p 00000000 00:00 0 
7b587bc02000-7b587bcfe000 rw-p 00000000 00:00 0 
7b587bcfe000-7b587bd02000 ---p 00000000 00:00 0 
7b587bd02000-7b587bdfe000 rw-p 00000000 00:00 0 
7b587bdfe000-7b587be02000 ---p 00000000 00:00 0 
7b587be02000-7b587befe000 rw-p 00000000 00:00 0 
7b587befe000-7b587bf02000 ---p 00000000 00:00 0 
7b587bf02000-7b587bffe000 rw-p 00000000 00:00 0 
7b587bffe000-7b587c002000 ---p 00000000 00:00 0 
7b587c002000-7b587c0fe000 rw-p 00000000 00:00 0 
7b587c0fe000-7b587c102000 ---p 00000000 00:00 0 
7b587c102000-7b587c1fe000 rw-p 00000000 00:00 0 
7b587c1fe000-7b587c202000 ---p 00000000 00:00 0 
7b587c202000-7b587c2fe000 rw-p 00000000 00:00 0 
7b587c2fe000-7b587c302000 ---p 00000000 00:00 0 
7b587c302000-7b587c3fe000 rw-p 00000000 00:00 0 
7b587c3fe000-7b587c402000 ---p 00000000 00:00 0 
7b587c402000-7b587c4fe000 rw-p 00000000 00:00 0 
7b587c4fe000-7b587c502000 ---p 00000000 00:00 0 
7b587c502000-7b587c5fe000 rw-p 00000000 00:00 0 
7b587c5fe000-7b587c5ff000 ---p 00000000 00:00 0 
7b587c5ff000-7b587cdff000 rw-p 00000000 00:00 0 
7b587cdff000-7b587ce03000 ---p 00000000 00:00 0 
7b587ce03000-7b587ceff000 rw-p 00000000 00:00 0 
7b587ceff000-7b587cf03000 ---p 00000000 00:00 0 
7b587cf03000-7b587cfff000 rw-p 00000000 00:00 0 
7b587cfff000-7b587d003000 ---p 00000000 00:00 0 
7b587d003000-7b587d0ff000 rw-p 00000000 00:00 0 
7b587d0ff000-7b587d103000 ---p 00000000 00:00 0 
7b587d103000-7b587d1ff000 rw-p 00000000 00:00 0 
7b587d1ff000-7b587dc00000 rw-p 00000000 00:00 0 
7b587dc00000-7b587dc04000 ---p 00000000 00:00 0 
7b587dc04000-7b587dd00000 rw-p 00000000 00:00 0 
7b587dd00000-7b587dd04000 ---p 00000000 00:00 0 
7b587dd04000-7b587de00000 rw-p 00000000 00:00 0 
7b587de00000-7b587de04000 ---p 00000000 00:00 0 
7b587de04000-7b587df00000 rw-p 00000000 00:00 0 
7b587df00000-7b587df04000 ---p 00000000 00:00 0 
7b587df04000-7b587e000000 rw-p 00000000 00:00 0 
7b587e000000-7b587e300000 rw-p 00000000 00:00 0 
7b587e300000-7b587e400000 rw-p 00000000 00:00 0 
7b587e400000-7b587e600000 rw-p 00000000 00:00 0 
7b587e600000-7b587f100000 rw-p 00000000 00:00 0 
7b587f100000-7b587f200000 rw-p 00000000 00:00 0 
7b587f200000-7b587f500000 rw-p 00000000 00:00 0 
7b587f500000-7b587f600000 rw-p 00000000 00:00 0 
7b587f600000-7b5880100000 rw-p 00000000 00:00 0 
7b5880100000-7b5880200000 rw-p 00000000 00:00 0 
7b5880200000-7b58809d0000 rw-p 00000000 00:00 0 
7b58809d0000-7b5880a00000 ---p 00000000 00:00 0 
7b5880a00000-7b5881460000 rw-p 00000000 00:00 0 
7b5881460000-7b5882004000 ---p 00000000 00:00 0 
7b5882004000-7b5882100000 rw-p 00000000 00:00 0 
7b5882100000-7b5882104000 ---p 00000000 00:00 0 
7b5882104000-7b5882200000 rw-p 00000000 00:00 0 
7b5882200000-7b5882204000 ---p 00000000 00:00 0 
7b5882204000-7b5882300000 rw-p 00000000 00:00 0 
7b5882300000-7b5882304000 ---p 00000000 00:00 0 
7b5882304000-7b5882400000 rw-p 00000000 00:00 0 
7b5882400000-7b5882404000 ---p 00000000 00:00 0 
7b5882404000-7b5882500000 rw-p 00000000 00:00 0 
7b5882500000-7b5882504000 ---p 00000000 00:00 0 
7b5882504000-7b5882600000 rw-p 00000000 00:00 0 
7b5882600000-7b5882604000 ---p 00000000 00:00 0 
7b5882604000-7b5882700000 rw-p 00000000 00:00 0 
7b5882700000-7b5882704000 ---p 00000000 00:00 0 
7b5882704000-7b5882800000 rw-p 00000000 00:00 0 
7b5882800000-7b5882804000 ---p 00000000 00:00 0 
7b5882804000-7b5882900000 rw-p 00000000 00:00 0 
7b5882900000-7b5882904000 ---p 00000000 00:00 0 
7b5882904000-7b5882a00000 rw-p 00000000 00:00 0 
7b5882a00000-7b5882afe000 r-xp 00000000 00:26 73001                      /tmp/sqlite-3.49.1.0-8b1599f0-c56f-422f-9c73-bf68441211e8-libsqlitejdbc.so
7b5882afe000-7b5882cfe000 ---p 000fe000 00:26 73001                      /tmp/sqlite-3.49.1.0-8b1599f0-c56f-422f-9c73-bf68441211e8-libsqlitejdbc.so
7b5882cfe000-7b5882d06000 rw-p 000fe000 00:26 73001                      /tmp/sqlite-3.49.1.0-8b1599f0-c56f-422f-9c73-bf68441211e8-libsqlitejdbc.so
7b5882e00000-7b5882e04000 ---p 00000000 00:00 0 
7b5882e04000-7b5882f00000 rw-p 00000000 00:00 0 
7b5882f00000-7b5882f04000 ---p 00000000 00:00 0 
7b5882f04000-7b5883000000 rw-p 00000000 00:00 0 
7b5883000000-7b5883004000 ---p 00000000 00:00 0 
7b5883004000-7b5883100000 rw-p 00000000 00:00 0 
7b5883100000-7b5883104000 ---p 00000000 00:00 0 
7b5883104000-7b5883200000 rw-p 00000000 00:00 0 
7b5883200000-7b5883204000 ---p 00000000 00:00 0 
7b5883204000-7b5883300000 rw-p 00000000 00:00 0 
7b5883300000-7b5883304000 ---p 00000000 00:00 0 
7b5883304000-7b5883400000 rw-p 00000000 00:00 0 
7b5883400000-7b5883404000 ---p 00000000 00:00 0 
7b5883404000-7b5883500000 rw-p 00000000 00:00 0 
7b5883500000-7b5883504000 ---p 00000000 00:00 0 
7b5883504000-7b5883600000 rw-p 00000000 00:00 0 
7b5883600000-7b5883604000 ---p 00000000 00:00 0 
7b5883604000-7b5883700000 rw-p 00000000 00:00 0 
7b5883700000-7b5883704000 ---p 00000000 00:00 0 
7b5883704000-7b5883800000 rw-p 00000000 00:00 0 
7b5883800000-7b5883804000 ---p 00000000 00:00 0 
7b5883804000-7b5883900000 rw-p 00000000 00:00 0 
7b5883900000-7b5883904000 ---p 00000000 00:00 0 
7b5883904000-7b5883a00000 rw-p 00000000 00:00 0 
7b5883a00000-7b5883a04000 ---p 00000000 00:00 0 
7b5883a04000-7b5883b00000 rw-p 00000000 00:00 0 
7b5883b00000-7b5883b04000 ---p 00000000 00:00 0 
7b5883b04000-7b5883c00000 rw-p 00000000 00:00 0 
7b5883c00000-7b5883c04000 ---p 00000000 00:00 0 
7b5883c04000-7b5883d00000 rw-p 00000000 00:00 0 
7b5883d00000-7b5883d04000 ---p 00000000 00:00 0 
7b5883d04000-7b5883e00000 rw-p 00000000 00:00 0 
7b5883e00000-7b5883e04000 ---p 00000000 00:00 0 
7b5883e04000-7b5883f00000 rw-p 00000000 00:00 0 
7b5883f00000-7b5883f04000 ---p 00000000 00:00 0 
7b5883f04000-7b5884000000 rw-p 00000000 00:00 0 
7b5884000000-7b5884700000 rw-p 00000000 00:00 0 
7b5884700000-7b5884800000 rw-p 00000000 00:00 0 
7b5884800000-7b5884d80000 rw-p 00000000 00:00 0 
7b5884d80000-7b5884e00000 rw-p 00000000 00:00 0 
7b5884e00000-7b5884ec0000 rw-p 00000000 00:00 0 
7b5884ec0000-7b5884f00000 rw-p 00000000 00:00 0 
7b5884f00000-7b58850c0000 rw-p 00000000 00:00 0 
7b58850c0000-7b5885100000 rw-p 00000000 00:00 0 
7b5885100000-7b5885300000 rw-p 00000000 00:00 0 
7b5885300000-7b5885400000 rw-p 00000000 00:00 0 
7b5885400000-7b5885700000 rw-p 00000000 00:00 0 
7b5885700000-7b5885800000 rw-p 00000000 00:00 0 
7b5885800000-7b5886300000 rw-p 00000000 00:00 0 
7b5886300000-7b5886400000 rw-p 00000000 00:00 0 
7b5886400000-7b5887700000 rw-p 00000000 00:00 0 
7b5887700000-7b5887800000 rw-p 00000000 00:00 0 
7b5887800000-7b5888000000 rw-p 00000000 00:00 0 
7b5888000000-7b588bff8000 rw-p 00000000 00:00 0 
7b588bff8000-7b588c000000 ---p 00000000 00:00 0 
7b588c000000-7b588d761000 rw-p 00000000 00:00 0 
7b588d761000-7b5890000000 ---p 00000000 00:00 0 
7b5890000000-7b58925b0000 rw-p 00000000 00:00 0 
7b58925b0000-7b5894000000 ---p 00000000 00:00 0 
7b5894000000-7b5897213000 rw-p 00000000 00:00 0 
7b5897213000-7b5898000000 ---p 00000000 00:00 0 
7b5898000000-7b5898092000 rw-p 00000000 00:00 0 
7b5898092000-7b589c000000 ---p 00000000 00:00 0 
7b589c000000-7b589c147000 rw-p 00000000 00:00 0 
7b589c147000-7b58a0000000 ---p 00000000 00:00 0 
7b58a0000000-7b58a0637000 rw-p 00000000 00:00 0 
7b58a0637000-7b58a4000000 ---p 00000000 00:00 0 
7b58a4000000-7b58a407b000 rw-p 00000000 00:00 0 
7b58a407b000-7b58a8000000 ---p 00000000 00:00 0 
7b58a8000000-7b58a8400000 rw-p 00000000 00:00 0 
7b58a8400000-7b58a8700000 rw-p 00000000 00:00 0 
7b58a8700000-7b58a8800000 rw-p 00000000 00:00 0 
7b58a8800000-7b58a8900000 rw-p 00000000 00:00 0 
7b58a8900000-7b58a8a00000 rw-p 00000000 00:00 0 
7b58a8a00000-7b58a8d80000 rw-p 00000000 00:00 0 
7b58a8d80000-7b58a8e00000 rw-p 00000000 00:00 0 
7b58a8e00000-7b58a9100000 rw-p 00000000 00:00 0 
7b58a9100000-7b58a9200000 rw-p 00000000 00:00 0 
7b58a9200000-7b58a9300000 rw-p 00000000 00:00 0 
7b58a9300000-7b58a9400000 rw-p 00000000 00:00 0 
7b58a9400000-7b58a9980000 rw-p 00000000 00:00 0 
7b58a9980000-7b58a9ce0000 rw-p 00000000 00:00 0 
7b58a9ce0000-7b58a9d60000 rw-p 00000000 00:00 0 
7b58a9d60000-7b58aa760000 rw-p 00000000 00:00 0 
7b58aa760000-7b58ac000000 rw-p 00000000 00:00 0 
7b58ac000000-7b58ac45a000 rw-p 00000000 00:00 0 
7b58ac45a000-7b58b0000000 ---p 00000000 00:00 0 
7b58b002d000-7b58b0031000 ---p 00000000 00:00 0 
7b58b0031000-7b58b012d000 rw-p 00000000 00:00 0 
7b58b012d000-7b58b0131000 ---p 00000000 00:00 0 
7b58b0131000-7b58b022d000 rw-p 00000000 00:00 0 
7b58b022d000-7b58b0231000 ---p 00000000 00:00 0 
7b58b0231000-7b58b032d000 rw-p 00000000 00:00 0 
7b58b032d000-7b58b0331000 ---p 00000000 00:00 0 
7b58b0331000-7b58b042d000 rw-p 00000000 00:00 0 
7b58b042d000-7b58b0431000 ---p 00000000 00:00 0 
7b58b0431000-7b58b052d000 rw-p 00000000 00:00 0 
7b58b052d000-7b58b0531000 ---p 00000000 00:00 0 
7b58b0531000-7b58b062d000 rw-p 00000000 00:00 0 
7b58b062d000-7b58b0631000 ---p 00000000 00:00 0 
7b58b0631000-7b58b072d000 rw-p 00000000 00:00 0 
7b58b072d000-7b58b0731000 ---p 00000000 00:00 0 
7b58b0731000-7b58b082d000 rw-p 00000000 00:00 0 
7b58b082d000-7b58b0831000 ---p 00000000 00:00 0 
7b58b0831000-7b58b092d000 rw-p 00000000 00:00 0 
7b58b092d000-7b58b0931000 ---p 00000000 00:00 0 
7b58b0931000-7b58b0a2d000 rw-p 00000000 00:00 0 
7b58b0a2d000-7b58b0a31000 ---p 00000000 00:00 0 
7b58b0a31000-7b58b0b2d000 rw-p 00000000 00:00 0 
7b58b0b2d000-7b58b0b2e000 ---p 00000000 00:00 0 
7b58b0b2e000-7b58b0c2e000 rw-p 00000000 00:00 0 
7b58b0d00000-7b58b0d04000 ---p 00000000 00:00 0 
7b58b0d04000-7b58b0e00000 rw-p 00000000 00:00 0 
7b58b0e00000-7b58b0ec6000 r--p 00000000 fd:01 8783                       /usr/lib/x86_64-linux-gnu/libcrypto.so.3
7b58b0ec6000-7b58b1261000 r-xp 000c6000 fd:01 8783                       /usr/lib/x86_64-linux-gnu/libcrypto.so.3
7b58b1261000-7b58b136b000 r--p 00461000 fd:01 8783                       /usr/lib/x86_64-linux-gnu/libcrypto.so.3
7b58b136b000-7b58b13d1000 r--p 0056b000 fd:01 8783                       /usr/lib/x86_64-linux-gnu/libcrypto.so.3
7b58b13d1000-7b58b13d4000 rw-p 005d1000 fd:01 8783                       /usr/lib/x86_64-linux-gnu/libcrypto.so.3
7b58b13d4000-7b58b13d7000 rw-p 00000000 00:00 0 
7b58b1414000-7b58b1418000 r--p 00000000 fd:01 6331                       /usr/lib/x86_64-linux-gnu/libzstd.so.1.5.6
7b58b1418000-7b58b14f6000 r-xp 00004000 fd:01 6331                       /usr/lib/x86_64-linux-gnu/libzstd.so.1.5.6
7b58b14f6000-7b58b1503000 r--p 000e2000 fd:01 6331                       /usr/lib/x86_64-linux-gnu/libzstd.so.1.5.6
7b58b1503000-7b58b1504000 r--p 000ef000 fd:01 6331                       /usr/lib/x86_64-linux-gnu/libzstd.so.1.5.6
7b58b1504000-7b58b1505000 rw-p 000f0000 fd:01 6331                       /usr/lib/x86_64-linux-gnu/libzstd.so.1.5.6
7b58b1505000-7b58b1509000 ---p 00000000 00:00 0 
7b58b1509000-7b58b1605000 rw-p 00000000 00:00 0 
7b58b1605000-7b58b1609000 ---p 00000000 00:00 0 
7b58b1609000-7b58b1705000 rw-p 00000000 00:00 0 
7b58b1705000-7b58b1709000 ---p 00000000 00:00 0 
7b58b1709000-7b58b1805000 rw-p 00000000 00:00 0 
7b58b1805000-7b58b1809000 ---p 00000000 00:00 0 
7b58b1809000-7b58b1905000 rw-p 00000000 00:00 0 
7b58b1905000-7b58b1909000 ---p 00000000 00:00 0 
7b58b1909000-7b58b1a05000 rw-p 00000000 00:00 0 
7b58b1a05000-7b58b1a09000 ---p 00000000 00:00 0 
7b58b1a09000-7b58b1b05000 rw-p 00000000 00:00 0 
7b58b1b05000-7b58b1b09000 ---p 00000000 00:00 0 
7b58b1b09000-7b58b1c05000 rw-p 00000000 00:00 0 
7b58b1c05000-7b58b1c09000 ---p 00000000 00:00 0 
7b58b1c09000-7b58b1d05000 rw-p 00000000 00:00 0 
7b58b1d05000-7b58b1d09000 ---p 00000000 00:00 0 
7b58b1d09000-7b58b1e05000 rw-p 00000000 00:00 0 
7b58b1e05000-7b58b1e09000 ---p 00000000 00:00 0 
7b58b1e09000-7b58b1f05000 rw-p 00000000 00:00 0 
7b58b1f05000-7b58b1f09000 ---p 00000000 00:00 0 
7b58b1f09000-7b58b2005000 rw-p 00000000 00:00 0 
7b58b2005000-7b58b2009000 ---p 00000000 00:00 0 
7b58b2009000-7b58b2105000 rw-p 00000000 00:00 0 
7b58b2105000-7b58b2123000 r--p 00000000 fd:01 1036703                    /usr/lib/jvm/java-21-openjdk-amd64/lib/libawt.so
7b58b2123000-7b58b21c1000 r-xp 0001e000 fd:01 1036703                    /usr/lib/jvm/java-21-openjdk-amd64/lib/libawt.so
7b58b21c1000-7b58b21ce000 r--p 000bc000 fd:01 1036703                    /usr/lib/jvm/java-21-openjdk-amd64/lib/libawt.so
7b58b21ce000-7b58b21cf000 r--p 000c8000 fd:01 1036703                    /usr/lib/jvm/java-21-openjdk-amd64/lib/libawt.so
7b58b21cf000-7b58b21da000 rw-p 000c9000 fd:01 1036703                    /usr/lib/jvm/java-21-openjdk-amd64/lib/libawt.so
7b58b21da000-7b58b21ff000 rw-p 00000000 00:00 0 
7b58b21ff000-7b58b2200000 ---p 00000000 00:00 0 
7b58b2200000-7b58b2300000 rw-p 00000000 00:00 0 
7b58b2300000-7b58b2304000 ---p 00000000 00:00 0 
7b58b2304000-7b58b2400000 rw-p 00000000 00:00 0 
7b58b2400000-7b58b241e000 r-xp 00000000 fd:01 1003545                    /home/betty/.cache/JNA/temp/jna3691814601349040131.tmp (deleted)
7b58b241e000-7b58b261d000 ---p 0001e000 fd:01 1003545                    /home/betty/.cache/JNA/temp/jna3691814601349040131.tmp (deleted)
7b58b261d000-7b58b261e000 rw-p 0001d000 fd:01 1003545                    /home/betty/.cache/JNA/temp/jna3691814601349040131.tmp (deleted)
7b58b261e000-7b58b261f000 rw-p 00000000 00:00 0 
7b58b2651000-7b58b2661000 rw-p 00000000 00:00 0 
7b58b2671000-7b58b2681000 rw-p 00000000 00:00 0 
7b58b2681000-7b58b2688000 r--p 00000000 fd:01 3267862                    /home/betty/plugins/spark/tmp/spark-a0ff414bb04db-libasyncProfiler.so.tmp
7b58b2688000-7b58b26dc000 r-xp 00007000 fd:01 3267862                    /home/betty/plugins/spark/tmp/spark-a0ff414bb04db-libasyncProfiler.so.tmp
7b58b26dc000-7b58b26f2000 r--p 0005b000 fd:01 3267862                    /home/betty/plugins/spark/tmp/spark-a0ff414bb04db-libasyncProfiler.so.tmp
7b58b26f2000-7b58b26f4000 r--p 00070000 fd:01 3267862                    /home/betty/plugins/spark/tmp/spark-a0ff414bb04db-libasyncProfiler.so.tmp
7b58b26f4000-7b58b26f5000 rw-p 00072000 fd:01 3267862                    /home/betty/plugins/spark/tmp/spark-a0ff414bb04db-libasyncProfiler.so.tmp
7b58b26f5000-7b58b2700000 rw-p 00000000 00:00 0 
7b58b2700000-7b58b2704000 ---p 00000000 00:00 0 
7b58b2704000-7b58b2800000 rw-p 00000000 00:00 0 
7b58b2800000-7b58b2802000 r-xp 00000000 00:26 72991                      /tmp/jlinenative-3.27.1-e11b08e710a2223f-libjlinenative.so
7b58b2802000-7b58b2a01000 ---p 00002000 00:26 72991                      /tmp/jlinenative-3.27.1-e11b08e710a2223f-libjlinenative.so
7b58b2a01000-7b58b2a02000 r--p 00001000 00:26 72991                      /tmp/jlinenative-3.27.1-e11b08e710a2223f-libjlinenative.so
7b58b2a02000-7b58b2a03000 rw-p 00002000 00:26 72991                      /tmp/jlinenative-3.27.1-e11b08e710a2223f-libjlinenative.so
7b58b2a0c000-7b58b2a0d000 r--p 00000000 fd:01 4090                       /usr/lib/x86_64-linux-gnu/libpthread.so.0
7b58b2a0d000-7b58b2a0e000 r-xp 00001000 fd:01 4090                       /usr/lib/x86_64-linux-gnu/libpthread.so.0
7b58b2a0e000-7b58b2a0f000 r--p 00002000 fd:01 4090                       /usr/lib/x86_64-linux-gnu/libpthread.so.0
7b58b2a0f000-7b58b2a10000 r--p 00002000 fd:01 4090                       /usr/lib/x86_64-linux-gnu/libpthread.so.0
7b58b2a10000-7b58b2a11000 rw-p 00003000 fd:01 4090                       /usr/lib/x86_64-linux-gnu/libpthread.so.0
7b58b2a18000-7b58b2a1d000 r--p 00000000 00:26 72993                      /tmp/libnetty_transport_native_epoll_x86_647749285702466126085.so (deleted)
7b58b2a1d000-7b58b2a27000 r-xp 00005000 00:26 72993                      /tmp/libnetty_transport_native_epoll_x86_647749285702466126085.so (deleted)
7b58b2a27000-7b58b2a2b000 r--p 0000f000 00:26 72993                      /tmp/libnetty_transport_native_epoll_x86_647749285702466126085.so (deleted)
7b58b2a2b000-7b58b2a2c000 ---p 00013000 00:26 72993                      /tmp/libnetty_transport_native_epoll_x86_647749285702466126085.so (deleted)
7b58b2a2c000-7b58b2a2e000 r--p 00013000 00:26 72993                      /tmp/libnetty_transport_native_epoll_x86_647749285702466126085.so (deleted)
7b58b2a2e000-7b58b2a2f000 rw-p 00000000 00:00 0 
7b58b2a2f000-7b58b2a33000 ---p 00000000 00:00 0 
7b58b2a33000-7b58b2b2f000 rw-p 00000000 00:00 0 
7b58b2b2f000-7b58b2b33000 ---p 00000000 00:00 0 
7b58b2b33000-7b58b2c2f000 rw-p 00000000 00:00 0 
7b58b2c2f000-7b58b2c33000 ---p 00000000 00:00 0 
7b58b2c33000-7b58b2d2f000 rw-p 00000000 00:00 0 
7b58b2d2f000-7b58b2d33000 ---p 00000000 00:00 0 
7b58b2d33000-7b58b2e2f000 rw-p 00000000 00:00 0 
7b58b2e2f000-7b58b2e34000 r--p 00000000 fd:01 1036720                    /usr/lib/jvm/java-21-openjdk-amd64/lib/libjsvml.so
7b58b2e34000-7b58b2e75000 r-xp 00005000 fd:01 1036720                    /usr/lib/jvm/java-21-openjdk-amd64/lib/libjsvml.so
7b58b2e75000-7b58b2efe000 r--p 00046000 fd:01 1036720                    /usr/lib/jvm/java-21-openjdk-amd64/lib/libjsvml.so
7b58b2efe000-7b58b2eff000 r--p 000ce000 fd:01 1036720                    /usr/lib/jvm/java-21-openjdk-amd64/lib/libjsvml.so
7b58b2eff000-7b58b2f00000 rw-p 000cf000 fd:01 1036720                    /usr/lib/jvm/java-21-openjdk-amd64/lib/libjsvml.so
7b58b2f00000-7b58b2f04000 ---p 00000000 00:00 0 
7b58b2f04000-7b58b3000000 rw-p 00000000 00:00 0 
7b58b3000000-7b58b3ca0000 rw-p 00001000 fd:01 1036737                    /usr/lib/jvm/java-21-openjdk-amd64/lib/server/classes.jsa
7b58b3ca0000-7b58b4000000 ---p 00000000 00:00 0 
7b58b4000000-7b58b4040000 rw-p 00000000 00:00 0 
7b58b4040000-7b58b40c0000 rw-p 00000000 00:00 0 
7b58b40c0000-7b58b4140000 rw-p 00000000 00:00 0 
7b58b4140000-7b58b4180000 rw-p 00000000 00:00 0 
7b58b4180000-7b58b4260000 rw-p 00000000 00:00 0 
7b58b4260000-7b58b4280000 rw-p 00000000 00:00 0 
7b58b4280000-7b58b4d40000 rw-p 00000000 00:00 0 
7b58b4d40000-7b58b4dc0000 rw-p 00000000 00:00 0 
7b58b4dc0000-7b58b4f00000 rw-p 00000000 00:00 0 
7b58b4f00000-7b58b5140000 rw-p 00000000 00:00 0 
7b58b5140000-7b58b5180000 rw-p 00000000 00:00 0 
7b58b5180000-7b58b5640000 rw-p 00000000 00:00 0 
7b58b5640000-7b58b5680000 rw-p 00000000 00:00 0 
7b58b5680000-7b58b5dc0000 rw-p 00000000 00:00 0 
7b58b5dc0000-7b58b5de0000 rw-p 00000000 00:00 0 
7b58b5de0000-7b58b5e00000 ---p 00000000 00:00 0 
7b58b5e00000-7b58b6160000 rw-p 00000000 00:00 0 
7b58b6160000-7b58f4000000 ---p 00000000 00:00 0 
7b58f4000000-7b58f421f000 rw-p 00000000 00:00 0 
7b58f421f000-7b58f8000000 ---p 00000000 00:00 0 
7b58f8000000-7b58f8199000 rw-p 00000000 00:00 0 
7b58f8199000-7b58fc000000 ---p 00000000 00:00 0 
7b58fc000000-7b58fc873000 rw-p 00000000 00:00 0 
7b58fc873000-7b5900000000 ---p 00000000 00:00 0 
7b5900000000-7b59006d5000 rw-p 00000000 00:00 0 
7b59006d5000-7b5904000000 ---p 00000000 00:00 0 
7b5904000000-7b59040be000 rw-p 00000000 00:00 0 
7b59040be000-7b5908004000 ---p 00000000 00:00 0 
7b5908004000-7b5908100000 rw-p 00000000 00:00 0 
7b5908100000-7b5908104000 ---p 00000000 00:00 0 
7b5908104000-7b5908200000 rw-p 00000000 00:00 0 
7b5908200000-7b5908204000 ---p 00000000 00:00 0 
7b5908204000-7b5908300000 rw-p 00000000 00:00 0 
7b5908300000-7b5908304000 ---p 00000000 00:00 0 
7b5908304000-7b5908400000 rw-p 00000000 00:00 0 
7b5908400000-7b59086ec000 r--p 00000000 fd:01 1922                       /usr/lib/locale/locale-archive
7b59086ed000-7b59086ef000 r--p 00000000 00:26 72995                      /tmp/native-11958531386419622444.so
7b59086ef000-7b59086fb000 r-xp 00002000 00:26 72995                      /tmp/native-11958531386419622444.so
7b59086fb000-7b59086fd000 r--p 0000e000 00:26 72995                      /tmp/native-11958531386419622444.so
7b59086fd000-7b59086fe000 ---p 00010000 00:26 72995                      /tmp/native-11958531386419622444.so
7b59086fe000-7b59086ff000 r--p 00010000 00:26 72995                      /tmp/native-11958531386419622444.so
7b59086ff000-7b5908700000 rw-p 00011000 00:26 72995                      /tmp/native-11958531386419622444.so
7b5908700000-7b5908704000 ---p 00000000 00:00 0 
7b5908704000-7b5908800000 rw-p 00000000 00:00 0 
7b5908800000-7b590df80000 rw-p 00000000 00:00 0 
7b590df80000-7b5921ec0000 ---p 00000000 00:00 0 
7b5921ec0000-7b5922ef0000 rw-p 00000000 00:00 0 
7b5922ef0000-7b59256d8000 ---p 00000000 00:00 0 
7b59256d8000-7b5925ef0000 rw-p 00000000 00:00 0 
7b5925ef0000-7b59286d8000 ---p 00000000 00:00 0 
7b59286d8000-7b5928800000 rw-p 00000000 00:00 0 
7b5928800000-7b592c0e0000 rwxp 00000000 00:00 0 
7b592c0e0000-7b592fd38000 ---p 00000000 00:00 0 
7b592fd38000-7b5930058000 rwxp 00000000 00:00 0 
7b5930058000-7b59302c7000 ---p 00000000 00:00 0 
7b59302c7000-7b5933627000 rwxp 00000000 00:00 0 
7b5933627000-7b5937800000 ---p 00000000 00:00 0 
7b5937800000-7b593fe36000 r--s 00000000 fd:01 1036736                    /usr/lib/jvm/java-21-openjdk-amd64/lib/modules
7b593fe39000-7b593fe3a000 r--p 00000000 fd:01 4092                       /usr/lib/x86_64-linux-gnu/librt.so.1
7b593fe3a000-7b593fe3b000 r-xp 00001000 fd:01 4092                       /usr/lib/x86_64-linux-gnu/librt.so.1
7b593fe3b000-7b593fe3c000 r--p 00002000 fd:01 4092                       /usr/lib/x86_64-linux-gnu/librt.so.1
7b593fe3c000-7b593fe3d000 r--p 00002000 fd:01 4092                       /usr/lib/x86_64-linux-gnu/librt.so.1
7b593fe3d000-7b593fe3e000 rw-p 00003000 fd:01 4092                       /usr/lib/x86_64-linux-gnu/librt.so.1
7b593fe3e000-7b593fe3f000 r--p 00000000 fd:01 4080                       /usr/lib/x86_64-linux-gnu/libdl.so.2
7b593fe3f000-7b593fe40000 r-xp 00001000 fd:01 4080                       /usr/lib/x86_64-linux-gnu/libdl.so.2
7b593fe40000-7b593fe41000 r--p 00002000 fd:01 4080                       /usr/lib/x86_64-linux-gnu/libdl.so.2
7b593fe41000-7b593fe42000 r--p 00002000 fd:01 4080                       /usr/lib/x86_64-linux-gnu/libdl.so.2
7b593fe42000-7b593fe43000 rw-p 00003000 fd:01 4080                       /usr/lib/x86_64-linux-gnu/libdl.so.2
7b593fe45000-7b593fe46000 r--p 00000000 00:26 72997                      /tmp/native-7708398935533714348.so
7b593fe46000-7b593fe47000 r-xp 00001000 00:26 72997                      /tmp/native-7708398935533714348.so
7b593fe47000-7b593fe48000 r--p 00002000 00:26 72997                      /tmp/native-7708398935533714348.so
7b593fe48000-7b593fe49000 r--p 00002000 00:26 72997                      /tmp/native-7708398935533714348.so
7b593fe49000-7b593fe4a000 rw-p 00003000 00:26 72997                      /tmp/native-7708398935533714348.so
7b593fe4a000-7b593fe4b000 r--p 00000000 fd:01 1036706                    /usr/lib/jvm/java-21-openjdk-amd64/lib/libextnet.so
7b593fe4b000-7b593fe4c000 r-xp 00001000 fd:01 1036706                    /usr/lib/jvm/java-21-openjdk-amd64/lib/libextnet.so
7b593fe4c000-7b593fe4d000 r--p 00002000 fd:01 1036706                    /usr/lib/jvm/java-21-openjdk-amd64/lib/libextnet.so
7b593fe4d000-7b593fe4e000 r--p 00002000 fd:01 1036706                    /usr/lib/jvm/java-21-openjdk-amd64/lib/libextnet.so
7b593fe4e000-7b593fe4f000 rw-p 00003000 fd:01 1036706                    /usr/lib/jvm/java-21-openjdk-amd64/lib/libextnet.so
7b593fe4f000-7b593fe52000 r--p 00000000 fd:01 1036704                    /usr/lib/jvm/java-21-openjdk-amd64/lib/libawt_headless.so
7b593fe52000-7b593fe56000 r-xp 00003000 fd:01 1036704                    /usr/lib/jvm/java-21-openjdk-amd64/lib/libawt_headless.so
7b593fe56000-7b593fe58000 r--p 00007000 fd:01 1036704                    /usr/lib/jvm/java-21-openjdk-amd64/lib/libawt_headless.so
7b593fe58000-7b593fe59000 r--p 00008000 fd:01 1036704                    /usr/lib/jvm/java-21-openjdk-amd64/lib/libawt_headless.so
7b593fe59000-7b593fe5a000 rw-p 00009000 fd:01 1036704                    /usr/lib/jvm/java-21-openjdk-amd64/lib/libawt_headless.so
7b593fe5a000-7b593fe5d000 r--p 00000000 fd:01 6563                       /usr/lib/x86_64-linux-gnu/libnuma.so.1.0.0
7b593fe5d000-7b593fe64000 r-xp 00003000 fd:01 6563                       /usr/lib/x86_64-linux-gnu/libnuma.so.1.0.0
7b593fe64000-7b593fe66000 r--p 0000a000 fd:01 6563                       /usr/lib/x86_64-linux-gnu/libnuma.so.1.0.0
7b593fe66000-7b593fe67000 r--p 0000b000 fd:01 6563                       /usr/lib/x86_64-linux-gnu/libnuma.so.1.0.0
7b593fe67000-7b593fe68000 rw-p 0000c000 fd:01 6563                       /usr/lib/x86_64-linux-gnu/libnuma.so.1.0.0
7b593fe68000-7b593fe6b000 r--p 00000000 fd:01 5200                       /usr/lib/x86_64-linux-gnu/libcap.so.2.73
7b593fe6b000-7b593fe72000 r-xp 00003000 fd:01 5200                       /usr/lib/x86_64-linux-gnu/libcap.so.2.73
7b593fe72000-7b593fe74000 r--p 0000a000 fd:01 5200                       /usr/lib/x86_64-linux-gnu/libcap.so.2.73
7b593fe74000-7b593fe75000 r--p 0000c000 fd:01 5200                       /usr/lib/x86_64-linux-gnu/libcap.so.2.73
7b593fe75000-7b593fe76000 rw-p 0000d000 fd:01 5200                       /usr/lib/x86_64-linux-gnu/libcap.so.2.73
7b593fe76000-7b593fe7e000 r--p 00000000 fd:01 4352                       /usr/lib/x86_64-linux-gnu/libudev.so.1.7.10
7b593fe7e000-7b593feac000 r-xp 00008000 fd:01 4352                       /usr/lib/x86_64-linux-gnu/libudev.so.1.7.10
7b593feac000-7b593febe000 r--p 00036000 fd:01 4352                       /usr/lib/x86_64-linux-gnu/libudev.so.1.7.10
7b593febe000-7b593fec3000 r--p 00047000 fd:01 4352                       /usr/lib/x86_64-linux-gnu/libudev.so.1.7.10
7b593fec3000-7b593fec4000 rw-p 0004c000 fd:01 4352                       /usr/lib/x86_64-linux-gnu/libudev.so.1.7.10
7b593fec4000-7b593fec8000 r--p 00000000 fd:01 1036734                    /usr/lib/jvm/java-21-openjdk-amd64/lib/libverify.so
7b593fec8000-7b593fed0000 r-xp 00004000 fd:01 1036734                    /usr/lib/jvm/java-21-openjdk-amd64/lib/libverify.so
7b593fed0000-7b593fed2000 r--p 0000c000 fd:01 1036734                    /usr/lib/jvm/java-21-openjdk-amd64/lib/libverify.so
7b593fed2000-7b593fed4000 r--p 0000d000 fd:01 1036734                    /usr/lib/jvm/java-21-openjdk-amd64/lib/libverify.so
7b593fed4000-7b593fed5000 rw-p 0000f000 fd:01 1036734                    /usr/lib/jvm/java-21-openjdk-amd64/lib/libverify.so
7b593fed5000-7b593fed9000 ---p 00000000 00:00 0 
7b593fed9000-7b593fef7000 rw-p 00000000 00:00 0 
7b593fef7000-7b593fef9000 r--p 00000000 fd:01 1036725                    /usr/lib/jvm/java-21-openjdk-amd64/lib/libmanagement_ext.so
7b593fef9000-7b593fefc000 r-xp 00002000 fd:01 1036725                    /usr/lib/jvm/java-21-openjdk-amd64/lib/libmanagement_ext.so
7b593fefc000-7b593fefe000 r--p 00005000 fd:01 1036725                    /usr/lib/jvm/java-21-openjdk-amd64/lib/libmanagement_ext.so
7b593fefe000-7b593feff000 r--p 00006000 fd:01 1036725                    /usr/lib/jvm/java-21-openjdk-amd64/lib/libmanagement_ext.so
7b593feff000-7b593ff00000 rw-p 00007000 fd:01 1036725                    /usr/lib/jvm/java-21-openjdk-amd64/lib/libmanagement_ext.so
7b593ff00000-7b593ff04000 ---p 00000000 00:00 0 
7b593ff04000-7b5940000000 rw-p 00000000 00:00 0 
7b5940000000-7b594025d000 rw-p 00000000 00:00 0 
7b594025d000-7b5944000000 ---p 00000000 00:00 0 
7b5944002000-7b5944003000 r--p 00000000 fd:01 1036712                    /usr/lib/jvm/java-21-openjdk-amd64/lib/libjaas.so
7b5944003000-7b5944004000 r-xp 00001000 fd:01 1036712                    /usr/lib/jvm/java-21-openjdk-amd64/lib/libjaas.so
7b5944004000-7b5944005000 r--p 00002000 fd:01 1036712                    /usr/lib/jvm/java-21-openjdk-amd64/lib/libjaas.so
7b5944005000-7b5944006000 r--p 00002000 fd:01 1036712                    /usr/lib/jvm/java-21-openjdk-amd64/lib/libjaas.so
7b5944006000-7b5944007000 rw-p 00003000 fd:01 1036712                    /usr/lib/jvm/java-21-openjdk-amd64/lib/libjaas.so
7b5944007000-7b5944009000 r--p 00000000 fd:01 1036735                    /usr/lib/jvm/java-21-openjdk-amd64/lib/libzip.so
7b5944009000-7b594400e000 r-xp 00002000 fd:01 1036735                    /usr/lib/jvm/java-21-openjdk-amd64/lib/libzip.so
7b594400e000-7b5944010000 r--p 00007000 fd:01 1036735                    /usr/lib/jvm/java-21-openjdk-amd64/lib/libzip.so
7b5944010000-7b5944011000 r--p 00008000 fd:01 1036735                    /usr/lib/jvm/java-21-openjdk-amd64/lib/libzip.so
7b5944011000-7b5944012000 rw-p 00009000 fd:01 1036735                    /usr/lib/jvm/java-21-openjdk-amd64/lib/libzip.so
7b5944012000-7b5944015000 r--p 00000000 fd:01 1036727                    /usr/lib/jvm/java-21-openjdk-amd64/lib/libnet.so
7b5944015000-7b594401d000 r-xp 00003000 fd:01 1036727                    /usr/lib/jvm/java-21-openjdk-amd64/lib/libnet.so
7b594401d000-7b594401f000 r--p 0000b000 fd:01 1036727                    /usr/lib/jvm/java-21-openjdk-amd64/lib/libnet.so
7b594401f000-7b5944020000 r--p 0000c000 fd:01 1036727                    /usr/lib/jvm/java-21-openjdk-amd64/lib/libnet.so
7b5944020000-7b5944021000 rw-p 0000d000 fd:01 1036727                    /usr/lib/jvm/java-21-openjdk-amd64/lib/libnet.so
7b5944021000-7b5944022000 ---p 00000000 00:00 0 
7b5944022000-7b5944122000 rw-p 00000000 00:00 0 
7b5944122000-7b5944123000 ---p 00000000 00:00 0 
7b5944123000-7b5944223000 rw-p 00000000 00:00 0 
7b5944223000-7b59442ff000 rw-p 00000000 00:00 0 
7b59442ff000-7b5944300000 ---p 00000000 00:00 0 
7b5944300000-7b5944400000 rw-p 00000000 00:00 0 
7b5944400000-7b5944401000 ---p 00000000 00:00 0 
7b5944401000-7b5944501000 rw-p 00000000 00:00 0 
7b5944501000-7b5944703000 rw-p 00000000 00:00 0 
7b5944703000-7b5944704000 ---p 00000000 00:00 0 
7b5944704000-7b5944804000 rw-p 00000000 00:00 0 
7b5944804000-7b5944805000 ---p 00000000 00:00 0 
7b5944805000-7b5944905000 rw-p 00000000 00:00 0 
7b5944905000-7b5944906000 ---p 00000000 00:00 0 
7b5944906000-7b5944a06000 rw-p 00000000 00:00 0 
7b5944a06000-7b5944d91000 rw-p 00000000 00:00 0 
7b5944d91000-7b5944e15000 ---p 00000000 00:00 0 
7b5944e15000-7b5944e87000 rw-p 00000000 00:00 0 
7b5944e87000-7b5944f00000 ---p 00000000 00:00 0 
7b5944f00000-7b5944f04000 ---p 00000000 00:00 0 
7b5944f04000-7b5945000000 rw-p 00000000 00:00 0 
7b5945000000-7b59450a2000 r--p 00000000 fd:01 6490                       /usr/lib/x86_64-linux-gnu/libstdc++.so.6.0.34
7b59450a2000-7b59451ef000 r-xp 000a2000 fd:01 6490                       /usr/lib/x86_64-linux-gnu/libstdc++.so.6.0.34
7b59451ef000-7b5945277000 r--p 001ef000 fd:01 6490                       /usr/lib/x86_64-linux-gnu/libstdc++.so.6.0.34
7b5945277000-7b5945286000 r--p 00276000 fd:01 6490                       /usr/lib/x86_64-linux-gnu/libstdc++.so.6.0.34
7b5945286000-7b5945289000 rw-p 00285000 fd:01 6490                       /usr/lib/x86_64-linux-gnu/libstdc++.so.6.0.34
7b5945289000-7b594528d000 rw-p 00000000 00:00 0 
7b594528d000-7b5945294000 r--s 00000000 fd:01 4066                       /usr/lib/x86_64-linux-gnu/gconv/gconv-modules.cache
7b59452b5000-7b5945309000 rw-p 00000000 00:00 0 
7b5945309000-7b594531a000 r--p 00000000 fd:01 4081                       /usr/lib/x86_64-linux-gnu/libm.so.6
7b594531a000-7b59453a0000 r-xp 00011000 fd:01 4081                       /usr/lib/x86_64-linux-gnu/libm.so.6
7b59453a0000-7b59453fe000 r--p 00097000 fd:01 4081                       /usr/lib/x86_64-linux-gnu/libm.so.6
7b59453fe000-7b59453ff000 r--p 000f5000 fd:01 4081                       /usr/lib/x86_64-linux-gnu/libm.so.6
7b59453ff000-7b5945400000 rw-p 000f6000 fd:01 4081                       /usr/lib/x86_64-linux-gnu/libm.so.6
7b5945400000-7b59456a9000 r--p 00000000 fd:01 1036740                    /usr/lib/jvm/java-21-openjdk-amd64/lib/server/libjvm.so
7b59456a9000-7b594656f000 r-xp 002a9000 fd:01 1036740                    /usr/lib/jvm/java-21-openjdk-amd64/lib/server/libjvm.so
7b594656f000-7b5946848000 r--p 0116f000 fd:01 1036740                    /usr/lib/jvm/java-21-openjdk-amd64/lib/server/libjvm.so
7b5946848000-7b594691d000 r--p 01448000 fd:01 1036740                    /usr/lib/jvm/java-21-openjdk-amd64/lib/server/libjvm.so
7b594691d000-7b594694e000 rw-p 0151d000 fd:01 1036740                    /usr/lib/jvm/java-21-openjdk-amd64/lib/server/libjvm.so
7b594694e000-7b59469b4000 rw-p 00000000 00:00 0 
7b59469b5000-7b59469b6000 r--p 00000000 fd:01 4094                       /usr/lib/x86_64-linux-gnu/libutil.so.1
7b59469b6000-7b59469b7000 r-xp 00001000 fd:01 4094                       /usr/lib/x86_64-linux-gnu/libutil.so.1
7b59469b7000-7b59469b8000 r--p 00002000 fd:01 4094                       /usr/lib/x86_64-linux-gnu/libutil.so.1
7b59469b8000-7b59469b9000 r--p 00002000 fd:01 4094                       /usr/lib/x86_64-linux-gnu/libutil.so.1
7b59469b9000-7b59469ba000 rw-p 00003000 fd:01 4094                       /usr/lib/x86_64-linux-gnu/libutil.so.1
7b59469ba000-7b59469c1000 r--p 00000000 fd:01 1036728                    /usr/lib/jvm/java-21-openjdk-amd64/lib/libnio.so
7b59469c1000-7b59469ca000 r-xp 00007000 fd:01 1036728                    /usr/lib/jvm/java-21-openjdk-amd64/lib/libnio.so
7b59469ca000-7b59469ce000 r--p 00010000 fd:01 1036728                    /usr/lib/jvm/java-21-openjdk-amd64/lib/libnio.so
7b59469ce000-7b59469cf000 r--p 00014000 fd:01 1036728                    /usr/lib/jvm/java-21-openjdk-amd64/lib/libnio.so
7b59469cf000-7b59469d0000 rw-p 00015000 fd:01 1036728                    /usr/lib/jvm/java-21-openjdk-amd64/lib/libnio.so
7b59469d0000-7b59469d7000 rw-p 00000000 00:00 0 
7b59469d7000-7b59469dc000 ---p 00000000 00:00 0 
7b59469dc000-7b59469e9000 r--p 00000000 fd:01 1036713                    /usr/lib/jvm/java-21-openjdk-amd64/lib/libjava.so
7b59469e9000-7b59469f8000 r-xp 0000d000 fd:01 1036713                    /usr/lib/jvm/java-21-openjdk-amd64/lib/libjava.so
7b59469f8000-7b59469fd000 r--p 0001c000 fd:01 1036713                    /usr/lib/jvm/java-21-openjdk-amd64/lib/libjava.so
7b59469fd000-7b59469fe000 r--p 00021000 fd:01 1036713                    /usr/lib/jvm/java-21-openjdk-amd64/lib/libjava.so
7b59469fe000-7b59469ff000 rw-p 00022000 fd:01 1036713                    /usr/lib/jvm/java-21-openjdk-amd64/lib/libjava.so
7b59469ff000-7b5946a00000 rw-p 00000000 00:00 0 
7b5946a00000-7b5946a28000 r--p 00000000 fd:01 4078                       /usr/lib/x86_64-linux-gnu/libc.so.6
7b5946a28000-7b5946bbd000 r-xp 00028000 fd:01 4078                       /usr/lib/x86_64-linux-gnu/libc.so.6
7b5946bbd000-7b5946c0c000 r--p 001bd000 fd:01 4078                       /usr/lib/x86_64-linux-gnu/libc.so.6
7b5946c0c000-7b5946c10000 r--p 0020b000 fd:01 4078                       /usr/lib/x86_64-linux-gnu/libc.so.6
7b5946c10000-7b5946c12000 rw-p 0020f000 fd:01 4078                       /usr/lib/x86_64-linux-gnu/libc.so.6
7b5946c12000-7b5946c1f000 rw-p 00000000 00:00 0 
7b5946c1f000-7b5946c20000 r-xp 00000000 00:26 72992                      /tmp/ffi7chEPv (deleted)
7b5946c20000-7b5946c21000 rw-p 00000000 00:00 0 
7b5946c21000-7b5946c23000 r--p 00000000 fd:01 1036723                    /usr/lib/jvm/java-21-openjdk-amd64/lib/libmanagement.so
7b5946c23000-7b5946c24000 r-xp 00002000 fd:01 1036723                    /usr/lib/jvm/java-21-openjdk-amd64/lib/libmanagement.so
7b5946c24000-7b5946c25000 r--p 00003000 fd:01 1036723                    /usr/lib/jvm/java-21-openjdk-amd64/lib/libmanagement.so
7b5946c25000-7b5946c26000 r--p 00003000 fd:01 1036723                    /usr/lib/jvm/java-21-openjdk-amd64/lib/libmanagement.so
7b5946c26000-7b5946c27000 rw-p 00004000 fd:01 1036723                    /usr/lib/jvm/java-21-openjdk-amd64/lib/libmanagement.so
7b5946c27000-7b5946c2f000 rw-s 00000000 00:26 72989                      /tmp/hsperfdata_betty/753178
7b5946c2f000-7b5946c31000 r--p 00000000 fd:01 1036716                    /usr/lib/jvm/java-21-openjdk-amd64/lib/libjimage.so
7b5946c31000-7b5946c34000 r-xp 00002000 fd:01 1036716                    /usr/lib/jvm/java-21-openjdk-amd64/lib/libjimage.so
7b5946c34000-7b5946c35000 r--p 00005000 fd:01 1036716                    /usr/lib/jvm/java-21-openjdk-amd64/lib/libjimage.so
7b5946c35000-7b5946c36000 r--p 00006000 fd:01 1036716                    /usr/lib/jvm/java-21-openjdk-amd64/lib/libjimage.so
7b5946c36000-7b5946c37000 rw-p 00007000 fd:01 1036716                    /usr/lib/jvm/java-21-openjdk-amd64/lib/libjimage.so
7b5946c37000-7b5946c3b000 r--p 00000000 fd:01 5216                       /usr/lib/x86_64-linux-gnu/libgcc_s.so.1
7b5946c3b000-7b5946c5e000 r-xp 00004000 fd:01 5216                       /usr/lib/x86_64-linux-gnu/libgcc_s.so.1
7b5946c5e000-7b5946c62000 r--p 00027000 fd:01 5216                       /usr/lib/x86_64-linux-gnu/libgcc_s.so.1
7b5946c62000-7b5946c63000 r--p 0002a000 fd:01 5216                       /usr/lib/x86_64-linux-gnu/libgcc_s.so.1
7b5946c63000-7b5946c64000 rw-p 0002b000 fd:01 5216                       /usr/lib/x86_64-linux-gnu/libgcc_s.so.1
7b5946c64000-7b5946c66000 rw-p 00000000 00:00 0 
7b5946c66000-7b5946c68000 r--p 00000000 fd:01 1036717                    /usr/lib/jvm/java-21-openjdk-amd64/lib/libjli.so
7b5946c68000-7b5946c72000 r-xp 00002000 fd:01 1036717                    /usr/lib/jvm/java-21-openjdk-amd64/lib/libjli.so
7b5946c72000-7b5946c75000 r--p 0000c000 fd:01 1036717                    /usr/lib/jvm/java-21-openjdk-amd64/lib/libjli.so
7b5946c75000-7b5946c76000 r--p 0000f000 fd:01 1036717                    /usr/lib/jvm/java-21-openjdk-amd64/lib/libjli.so
7b5946c76000-7b5946c77000 rw-p 00010000 fd:01 1036717                    /usr/lib/jvm/java-21-openjdk-amd64/lib/libjli.so
7b5946c77000-7b5946c7a000 r--p 00000000 fd:01 6299                       /usr/lib/x86_64-linux-gnu/libz.so.1.3.1
7b5946c7a000-7b5946c8d000 r-xp 00003000 fd:01 6299                       /usr/lib/x86_64-linux-gnu/libz.so.1.3.1
7b5946c8d000-7b5946c93000 r--p 00016000 fd:01 6299                       /usr/lib/x86_64-linux-gnu/libz.so.1.3.1
7b5946c93000-7b5946c94000 r--p 0001c000 fd:01 6299                       /usr/lib/x86_64-linux-gnu/libz.so.1.3.1
7b5946c94000-7b5946c95000 rw-p 0001d000 fd:01 6299                       /usr/lib/x86_64-linux-gnu/libz.so.1.3.1
7b5946c95000-7b5946c96000 rw-p 00000000 00:00 0 
7b5946c96000-7b5946c97000 r--p 00000000 00:00 0 
7b5946c97000-7b5946c98000 rw-p 00000000 00:00 0 
7b5946c98000-7b5946c99000 rw-p 00000000 00:00 0 
7b5946c99000-7b5946c9a000 ---p 00000000 00:00 0 
7b5946c9a000-7b5946c9b000 r--p 00000000 00:00 0 
7b5946c9b000-7b5946c9c000 ---p 00000000 00:00 0 
7b5946c9c000-7b5946c9e000 rw-p 00000000 00:00 0 
7b5946c9e000-7b5946ca0000 r--p 00000000 00:00 0                          [vvar]
7b5946ca0000-7b5946ca2000 r--p 00000000 00:00 0                          [vvar_vclock]
7b5946ca2000-7b5946ca4000 r-xp 00000000 00:00 0                          [vdso]
7b5946ca4000-7b5946ca5000 r--p 00000000 fd:01 4075                       /usr/lib/x86_64-linux-gnu/ld-linux-x86-64.so.2
7b5946ca5000-7b5946cd3000 r-xp 00001000 fd:01 4075                       /usr/lib/x86_64-linux-gnu/ld-linux-x86-64.so.2
7b5946cd3000-7b5946cde000 r--p 0002f000 fd:01 4075                       /usr/lib/x86_64-linux-gnu/ld-linux-x86-64.so.2
7b5946cde000-7b5946ce0000 r--p 0003a000 fd:01 4075                       /usr/lib/x86_64-linux-gnu/ld-linux-x86-64.so.2
7b5946ce0000-7b5946ce1000 rw-p 0003c000 fd:01 4075                       /usr/lib/x86_64-linux-gnu/ld-linux-x86-64.so.2
7b5946ce1000-7b5946ce2000 rw-p 00000000 00:00 0 
7fff5ae38000-7fff5ae59000 rw-p 00000000 00:00 0                          [stack]
ffffffffff600000-ffffffffff601000 --xp 00000000 00:00 0                  [vsyscall]
Total number of mappings: 590

JVMTI agents: none


VM Arguments:
jvm_args: -Xmx24G -Xms1G -Dfml.queryResult=confirm 
java_command: /home/betty/server.jar nogui
java_class_path (initial): /home/betty/server.jar
Launcher Type: SUN_STANDARD

[Global flags]
     intx CICompilerCount                          = 2                                         {product} {ergonomic}
     uint ConcGCThreads                            = 1                                         {product} {ergonomic}
     uint G1ConcRefinementThreads                  = 2                                         {product} {ergonomic}
   size_t G1HeapRegionSize                         = 16777216                                  {product} {ergonomic}
    uintx GCDrainStackTargetSize                   = 64                                        {product} {ergonomic}
   size_t InitialHeapSize                          = 1073741824                                {product} {command line}
   size_t MarkStackSize                            = 4194304                                   {product} {ergonomic}
   size_t MaxHeapSize                              = 25769803776                               {product} {command line}
   size_t MaxNewSize                               = 15451815936                               {product} {ergonomic}
   size_t MinHeapDeltaBytes                        = 16777216                                  {product} {ergonomic}
   size_t MinHeapSize                              = 1073741824                                {product} {command line}
    uintx NonNMethodCodeHeapSize                   = 5826188                                {pd product} {ergonomic}
    uintx NonProfiledCodeHeapSize                  = 122916026                              {pd product} {ergonomic}
    uintx ProfiledCodeHeapSize                     = 122916026                              {pd product} {ergonomic}
    uintx ReservedCodeCacheSize                    = 251658240                              {pd product} {ergonomic}
     bool SegmentedCodeCache                       = true                                      {product} {ergonomic}
   size_t SoftMaxHeapSize                          = 25769803776                            {manageable} {ergonomic}
     bool UseCompressedOops                        = true                           {product lp64_product} {ergonomic}
     bool UseG1GC                                  = true                                      {product} {ergonomic}

Logging:
Log output configuration:
 #0: stdout all=warning uptime,level,tags foldmultilines=false
 #1: stderr all=off uptime,level,tags foldmultilines=false

Release file:
IMPLEMENTOR="Ubuntu"
JAVA_RUNTIME_VERSION="21.0.9+10-Ubuntu-125.04"
JAVA_VERSION="21.0.9"
JAVA_VERSION_DATE="2025-10-21"
LIBC="gnu"
MODULES="java.base java.compiler java.datatransfer java.xml java.prefs java.desktop java.instrument java.logging java.management java.security.sasl java.naming java.rmi java.management.rmi java.net.http java.scripting java.security.jgss java.transaction.xa java.sql java.sql.rowset java.xml.crypto java.se java.smartcardio jdk.accessibility jdk.internal.jvmstat jdk.attach jdk.charsets jdk.internal.opt jdk.zipfs jdk.compiler jdk.crypto.ec jdk.crypto.cryptoki jdk.dynalink jdk.internal.ed jdk.editpad jdk.hotspot.agent jdk.httpserver jdk.incubator.vector jdk.internal.le jdk.internal.vm.ci jdk.internal.vm.compiler jdk.internal.vm.compiler.management jdk.jartool jdk.javadoc jdk.jcmd jdk.management jdk.management.agent jdk.jconsole jdk.jdeps jdk.jdwp.agent jdk.jdi jdk.jfr jdk.jlink jdk.jpackage jdk.jshell jdk.jsobject jdk.jstatd jdk.localedata jdk.management.jfr jdk.naming.dns jdk.naming.rmi jdk.net jdk.nio.mapmode jdk.random jdk.sctp jdk.security.auth jdk.security.jgss jdk.unsupported jdk.unsupported.desktop jdk.xml.dom"
OS_ARCH="x86_64"
OS_NAME="Linux"
SOURCE=""

Environment Variables:
PATH=/home/betty/bin:/usr/local/sbin:/usr/local/bin:/usr/sbin:/usr/bin:/sbin:/bin:/usr/games:/usr/local/games:/snap/bin
SHELL=/bin/bash
LANG=en_US.UTF-8
TERM=screen

Active Locale:
LC_ALL=en_US.UTF-8
LC_COLLATE=en_US.UTF-8
LC_CTYPE=en_US.UTF-8
LC_MESSAGES=en_US.UTF-8
LC_MONETARY=en_US.UTF-8
LC_NUMERIC=en_US.UTF-8
LC_TIME=en_US.UTF-8

Signal Handlers:
   SIGSEGV: crash_handler in libjvm.so, mask=11100100010111111101111111111110, flags=SA_RESTART|SA_SIGINFO, unblocked
    SIGBUS: crash_handler in libjvm.so, mask=11100100010111111101111111111110, flags=SA_RESTART|SA_SIGINFO, unblocked
    SIGFPE: crash_handler in libjvm.so, mask=11100100010111111101111111111110, flags=SA_RESTART|SA_SIGINFO, unblocked
   SIGPIPE: javaSignalHandler in libjvm.so, mask=11100100010111111101111111111110, flags=SA_RESTART|SA_SIGINFO, unblocked
   SIGXFSZ: javaSignalHandler in libjvm.so, mask=11100100010111111101111111111110, flags=SA_RESTART|SA_SIGINFO, unblocked
    SIGILL: crash_handler in libjvm.so, mask=11100100010111111101111111111110, flags=SA_RESTART|SA_SIGINFO, unblocked
   SIGUSR2: SR_handler in libjvm.so, mask=00000000000000000000000000000000, flags=SA_RESTART|SA_SIGINFO, unblocked
    SIGHUP: UserHandler in libjvm.so, mask=11100100010111111101111111111110, flags=SA_RESTART|SA_SIGINFO, unblocked
    SIGINT: UserHandler in libjvm.so, mask=11100100010111111101111111111110, flags=SA_RESTART|SA_SIGINFO, unblocked
   SIGTERM: UserHandler in libjvm.so, mask=11100100010111111101111111111110, flags=SA_RESTART|SA_SIGINFO, unblocked
   SIGQUIT: UserHandler in libjvm.so, mask=11100100010111111101111111111110, flags=SA_RESTART|SA_SIGINFO, unblocked
   SIGTRAP: crash_handler in libjvm.so, mask=11100100010111111101111111111110, flags=SA_RESTART|SA_SIGINFO, unblocked


Periodic native trim disabled

---------------  S Y S T E M  ---------------

OS:
DISTRIB_ID=Ubuntu
DISTRIB_RELEASE=25.04
DISTRIB_CODENAME=plucky
DISTRIB_DESCRIPTION="Ubuntu 25.04"
uname: Linux 6.14.0-37-generic #37-Ubuntu SMP PREEMPT_DYNAMIC Fri Nov 14 22:10:32 UTC 2025 x86_64
OS uptime: 32 days 19:26 hours
libc: glibc 2.41 NPTL 2.41 
rlimit (soft/hard): STACK 8192k/infinity , CORE 0k/infinity , NPROC 15492/15492 , NOFILE 1073741816/1073741816 , AS infinity/infinity , CPU infinity/infinity , DATA infinity/infinity , FSIZE infinity/infinity , MEMLOCK 501152k/501152k
load average: 3.91 3.59 3.38

/proc/meminfo:
MemTotal:        4009244 kB
MemFree:          160920 kB
MemAvailable:      82804 kB
Buffers:            1952 kB
Cached:            54108 kB
SwapCached:        91000 kB
Active:           696292 kB
Inactive:        2960224 kB
Active(anon):     670764 kB
Inactive(anon):  2940768 kB
Active(file):      25528 kB
Inactive(file):    19456 kB
Unevictable:       29208 kB
Mlocked:           26136 kB
SwapTotal:       2097148 kB
SwapFree:        1119456 kB
Zswap:                 0 kB
Zswapped:              0 kB
Dirty:               628 kB
Writeback:             0 kB
AnonPages:       3604632 kB
Mapped:            39216 kB
Shmem:              3536 kB
KReclaimable:      39060 kB
Slab:             118848 kB
SReclaimable:      39060 kB
SUnreclaim:        79788 kB
KernelStack:        4608 kB
PageTables:        13168 kB
SecPageTables:         0 kB
NFS_Unstable:          0 kB
Bounce:                0 kB
WritebackTmp:          0 kB
CommitLimit:     4101768 kB
Committed_AS:    5808544 kB
VmallocTotal:   34359738367 kB
VmallocUsed:       18268 kB
VmallocChunk:          0 kB
Percpu:             1472 kB
HardwareCorrupted:     0 kB
AnonHugePages:         0 kB
ShmemHugePages:        0 kB
ShmemPmdMapped:        0 kB
FileHugePages:         0 kB
FilePmdMapped:         0 kB
Unaccepted:            0 kB
HugePages_Total:       0
HugePages_Free:        0
HugePages_Rsvd:        0
HugePages_Surp:        0
Hugepagesize:       2048 kB
Hugetlb:               0 kB
DirectMap4k:       92012 kB
DirectMap2M:     4102144 kB

/sys/kernel/mm/transparent_hugepage/enabled: always [madvise] never
/sys/kernel/mm/transparent_hugepage/hpage_pmd_size: 2097152
/sys/kernel/mm/transparent_hugepage/defrag (defrag/compaction efforts parameter): always defer defer+madvise [madvise] never

Process Memory:
Virtual Size: 28585900K (peak: 28626364K)
Resident Set Size: 3586876K (peak: 3662188K) (anon: 3568668K, file: 17760K, shmem: 448K)
Swapped out: 834988K
C-Heap outstanding allocations: 184261K, retained: 82594K
glibc malloc tunables: (default)

/proc/sys/kernel/threads-max (system-wide limit on the number of threads): 30985
/proc/sys/vm/max_map_count (maximum number of memory map areas a process may have): 1048576
/proc/sys/vm/swappiness (control to define how aggressively the kernel swaps out anonymous memory): 60
/proc/sys/kernel/pid_max (system-wide limit on number of process identifiers): 4194304

container information not found.
KVM virtualization detected
Steal ticks since vm start: 136
Steal ticks percentage since vm start:  0.000

CPU: total 2 (initial active 2) (2 cores per cpu, 1 threads per core) family 6 model 79 stepping 1 microcode 0x1, cx8, cmov, fxsr, mmx, 3dnowpref, sse, sse2, sse3, ssse3, sse4.1, sse4.2, popcnt, lzcnt, tsc, avx, avx2, aes, erms, clmul, bmi1, bmi2, adx, fma, vzeroupper, clflush, hv, rdtscp, f16c
CPU Model and flags from /proc/cpuinfo:
model name	: DO-Regular
flags		: fpu vme de pse tsc msr pae mce cx8 apic sep mtrr pge mca cmov pat pse36 clflush mmx fxsr sse sse2 ss ht syscall nx rdtscp lm constant_tsc rep_good nopl xtopology cpuid tsc_known_freq pni pclmulqdq vmx ssse3 fma cx16 pcid sse4_1 sse4_2 x2apic movbe popcnt tsc_deadline_timer aes xsave avx f16c rdrand hypervisor lahf_lm abm 3dnowprefetch cpuid_fault pti ssbd ibrs ibpb tpr_shadow flexpriority ept vpid ept_ad fsgsbase tsc_adjust bmi1 avx2 smep bmi2 erms invpcid rdseed adx smap xsaveopt arat vnmi md_clear

Online cpus: 0-1
Offline cpus: 
BIOS frequency limitation: <Not Available>
Frequency switch latency (ns): <Not Available>
Available cpu frequencies: <Not Available>
Current governor: <Not Available>
Core performance/turbo boost: <Not Available>

Memory: 4k page, physical 4009244k(70760k free), swap 2097148k(1119456k free)
Page Sizes: 4k

vm_info: OpenJDK 64-Bit Server VM (21.0.9+10-Ubuntu-125.04) for linux-amd64 JRE (21.0.9+10-Ubuntu-125.04), built on 2025-10-23T12:19:27Z by "buildd" with gcc 14.2.0

END.
