#
# There is insufficient memory for the Java Runtime Environment to continue.
# Native memory allocation (mmap) failed to map 6694109184 bytes. Error detail: committing reserved memory.
# Possible reasons:
#   The system is out of physical RAM or swap space
#   This process is running with CompressedOops enabled, and the Java Heap may be blocking the growth of the native heap
# Possible solutions:
#   Reduce memory load on the system
#   Increase physical memory or swap space
#   Check if swap backing store is full
#   Decrease Java heap size (-Xmx/-Xms)
#   Decrease number of Java threads
#   Decrease Java thread stack sizes (-Xss)
#   Set larger code cache with -XX:ReservedCodeCacheSize=
#   JVM is running with Zero Based Compressed Oops mode in which the Java heap is
#     placed in the first 32GB address space. The Java Heap base address is the
#     maximum limit for the native heap growth. Please use -XX:HeapBaseMinAddress
#     to set the Java Heap base and to place the Java Heap above 32GB virtual address.
# This output file may be truncated or incomplete.
#
#  Out of Memory Error (os_linux.cpp:2829), pid=1095642, tid=1095650
#
# JRE version: OpenJDK Runtime Environment (21.0.9+10) (build 21.0.9+10-Ubuntu-125.04)
# Java VM: OpenJDK 64-Bit Server VM (21.0.9+10-Ubuntu-125.04, mixed mode, sharing, tiered, compressed oops, compressed class ptrs, g1 gc, linux-amd64)
# Core dump will be written. Default location: Core dumps may be processed with "/usr/share/apport/apport -p%p -s%s -c%c -d%d -P%P -u%u -g%g -F%F -- %E" (or dumping to /home/betty/core.1095642)
#

---------------  S U M M A R Y ------------

Command Line: -Xmx24G -Xms1G -Dfml.queryResult=confirm /home/betty/server.jar nogui

Host: DO-Regular, 2 cores, 3G, Ubuntu 25.04
Time: Mon Jan 26 09:32:37 2026 MST elapsed time: 53742.679783 seconds (0d 14h 55m 42s)

---------------  T H R E A D  ---------------

Current thread (0x0000749dcc0c0150):  VMThread "VM Thread"          [id=1095650, stack(0x0000749d943fd000,0x0000749d944fd000) (1024K)]

Stack: [0x0000749d943fd000,0x0000749d944fd000],  sp=0x0000749d944facc0,  free space=1015k
Native frames: (J=compiled Java code, j=interpreted, Vv=VM code, C=native code)
V  [libjvm.so+0x106b5a2]  VMError::report_and_die(int, char const*, char const*, __va_list_tag*, Thread*, unsigned char*, void*, void*, char const*, int, unsigned long)+0x282  (os_linux.cpp:2829)
V  [libjvm.so+0x106c001]
V  [libjvm.so+0x6cb651]
V  [libjvm.so+0xd423fd]  os::pd_commit_memory_or_exit(char*, unsigned long, unsigned long, bool, char const*)+0xdd
V  [libjvm.so+0xd3bb4f]  os::commit_memory_or_exit(char*, unsigned long, unsigned long, bool, char const*)+0x1f
V  [libjvm.so+0x83022b]  G1PageBasedVirtualSpace::commit(unsigned long, unsigned long)+0x10b
V  [libjvm.so+0x84672b]  G1RegionsLargerThanCommitSizeMapper::commit_regions(unsigned int, unsigned long, WorkerThreads*)+0xab
V  [libjvm.so+0x8d8eba]  HeapRegionManager::commit_regions(unsigned int, unsigned long, WorkerThreads*)+0x5a
V  [libjvm.so+0x8dab2f]  HeapRegionManager::expand(unsigned int, unsigned int, WorkerThreads*)+0x2f
V  [libjvm.so+0x8dad45]  HeapRegionManager::expand_by(unsigned int, WorkerThreads*)+0x75
V  [libjvm.so+0x7e6d2c]  G1CollectedHeap::expand(unsigned long, WorkerThreads*, double*)+0xfc
V  [libjvm.so+0x7e759b]  G1CollectedHeap::expand_heap_after_young_collection()+0x4b
V  [libjvm.so+0x86bada]  G1YoungCollector::post_evacuate_collection_set(G1EvacInfo*, G1ParScanThreadStateSet*)+0x20a
V  [libjvm.so+0x86bef1]  G1YoungCollector::collect()+0x401
V  [libjvm.so+0x7e4945]  G1CollectedHeap::do_collection_pause_at_safepoint_helper()+0x105
V  [libjvm.so+0x7e4abf]  G1CollectedHeap::do_collection_pause_at_safepoint()+0x2f
V  [libjvm.so+0x869df0]  VM_G1CollectForAllocation::doit()+0x60
V  [libjvm.so+0x107128c]  VM_Operation::evaluate()+0xfc
V  [libjvm.so+0x1074974]  VMThread::evaluate_operation(VM_Operation*)+0x144
V  [libjvm.so+0x1075667]  VMThread::inner_execute(VM_Operation*)+0x337
V  [libjvm.so+0x1075967]  VMThread::run()+0xb7
V  [libjvm.so+0xfdd417]  Thread::call_run()+0xa7
V  [libjvm.so+0xd458d5]  thread_native_entry(Thread*)+0xd5
C  [libc.so.6+0xa27f1]
VM_Operation (0x0000749d07ffd670): G1CollectForAllocation, mode: safepoint, requested by thread 0x0000749d2809b9a0


---------------  P R O C E S S  ---------------

Threads class SMR info:
_java_thread_list=0x0000749d28001aa0, length=74, elements={
0x0000749dcc0c9100, 0x0000749dcc0ca670, 0x0000749dcc0cbe00, 0x0000749dcc0cd440,
0x0000749dcc0ce9e0, 0x0000749dcc0d0520, 0x0000749dcc0d1be0, 0x0000749dcc0e5a70,
0x0000749dcc0e8d50, 0x0000749dcc019230, 0x0000749d208047a0, 0x0000749d20bb88b0,
0x0000749d22f8ec10, 0x0000749d23063910, 0x0000749d23071440, 0x0000749d233b5c40,
0x0000749d23004280, 0x0000749d14b836d0, 0x0000749d14b83f40, 0x0000749d1425ddd0,
0x0000749d1425ed70, 0x0000749d141cc980, 0x0000749d149eb610, 0x0000749d14c02be0,
0x0000749d14b5f2c0, 0x0000749dcc14bed0, 0x0000604cb2bbb640, 0x0000749d150ee7b0,
0x0000749d156b3ee0, 0x0000604cb2bbd3f0, 0x0000749d140fd1a0, 0x0000749d14664650,
0x0000749d14dcac20, 0x0000749d1464ff70, 0x0000749d15883100, 0x0000749d1626e520,
0x0000749d1c017580, 0x0000749d165f4040, 0x0000749d1663f0c0, 0x0000749d00d6f880,
0x0000749d8808df70, 0x0000749d8808f420, 0x0000749d00f09870, 0x0000749d00f11040,
0x0000749d00f1c0a0, 0x0000749d15453270, 0x0000749d88090970, 0x0000749d002ca5f0,
0x0000749d159bc290, 0x0000749d14cbdcd0, 0x0000749d16770ad0, 0x0000749d14d073d0,
0x0000749d158ad7c0, 0x0000749d28098e80, 0x0000749d28095090, 0x0000749d28093a50,
0x0000749d28093350, 0x0000749d280842e0, 0x0000749d2807dcc0, 0x0000749d28095790,
0x0000749d28096da0, 0x0000749d28076b60, 0x0000749d28068f30, 0x0000749d2809b9a0,
0x0000749d2809e700, 0x0000749d280877b0, 0x0000749d28083be0, 0x0000749d28071740,
0x0000749d2807e910, 0x0000749d28094990, 0x0000749dcc3bb180, 0x0000749d8818d040,
0x0000749d240293b0, 0x0000749d28094250
}

Java Threads: ( => current thread )
  0x0000749dcc0c9100 JavaThread "Reference Handler"          daemon [_thread_blocked, id=1095651, stack(0x0000749d942fc000,0x0000749d943fc000) (1024K)]
  0x0000749dcc0ca670 JavaThread "Finalizer"                  daemon [_thread_blocked, id=1095652, stack(0x0000749d941fc000,0x0000749d942fc000) (1024K)]
  0x0000749dcc0cbe00 JavaThread "Signal Dispatcher"          daemon [_thread_blocked, id=1095653, stack(0x0000749d940fc000,0x0000749d941fc000) (1024K)]
  0x0000749dcc0cd440 JavaThread "Service Thread"             daemon [_thread_blocked, id=1095654, stack(0x0000749d3ef00000,0x0000749d3f000000) (1024K)]
  0x0000749dcc0ce9e0 JavaThread "Monitor Deflation Thread"   daemon [_thread_blocked, id=1095655, stack(0x0000749d3eb00000,0x0000749d3ec00000) (1024K)]
  0x0000749dcc0d0520 JavaThread "C2 CompilerThread0"         daemon [_thread_blocked, id=1095656, stack(0x0000749d3ea00000,0x0000749d3eb00000) (1024K)]
  0x0000749dcc0d1be0 JavaThread "C1 CompilerThread0"         daemon [_thread_blocked, id=1095657, stack(0x0000749d3e900000,0x0000749d3ea00000) (1024K)]
  0x0000749dcc0e5a70 JavaThread "Notification Thread"        daemon [_thread_blocked, id=1095658, stack(0x0000749d3e800000,0x0000749d3e900000) (1024K)]
  0x0000749dcc0e8d50 JavaThread "Common-Cleaner"             daemon [_thread_blocked, id=1095659, stack(0x0000749d3e700000,0x0000749d3e800000) (1024K)]
  0x0000749dcc019230 JavaThread "DestroyJavaVM"                     [_thread_blocked, id=1095643, stack(0x0000749dd0900000,0x0000749dd0a00000) (1024K)]
  0x0000749d208047a0 JavaThread "Log4j2-AsyncAppenderEventDispatcher-1-Async" daemon [_thread_blocked, id=1095668, stack(0x0000749d3e600000,0x0000749d3e700000) (1024K)]
  0x0000749d20bb88b0 JavaThread "JNA Cleaner"                daemon [_thread_blocked, id=1095670, stack(0x0000749d3e4b2000,0x0000749d3e5b2000) (1024K)]
  0x0000749d22f8ec10 JavaThread "Timer hack thread"          daemon [_thread_blocked, id=1095686, stack(0x0000749d3dd00000,0x0000749d3de00000) (1024K)]
  0x0000749d23063910 JavaThread "Yggdrasil Key Fetcher"      daemon [_thread_blocked, id=1095687, stack(0x0000749d3e100000,0x0000749d3e200000) (1024K)]
  0x0000749d23071440 JavaThread "PaperFilledProfileCache-cleanup-0" daemon [_thread_blocked, id=1095688, stack(0x0000749d3da05000,0x0000749d3db05000) (1024K)]
  0x0000749d233b5c40 JavaThread "Worker-Main-1"              daemon [_thread_blocked, id=1095691, stack(0x0000749d3d805000,0x0000749d3d905000) (1024K)]
  0x0000749d23004280 JavaThread "Server thread"                     [_thread_blocked, id=1095692, stack(0x0000749d3d705000,0x0000749d3d805000) (1024K)]
  0x0000749d14b836d0 JavaThread "Paper Common Worker #0"     daemon [_thread_blocked, id=1095700, stack(0x0000749d3d305000,0x0000749d3d405000) (1024K)]
  0x0000749d14b83f40 JavaThread "Paper I/O Worker #0"        daemon [_thread_blocked, id=1095701, stack(0x0000749d3d205000,0x0000749d3d305000) (1024K)]
  0x0000749d1425ddd0 JavaThread "Paper Watchdog Thread"             [_thread_blocked, id=1095702, stack(0x0000749d3d105000,0x0000749d3d205000) (1024K)]
  0x0000749d1425ed70 JavaThread "Server console handler"     daemon [_thread_blocked, id=1095703, stack(0x0000749d3d005000,0x0000749d3d105000) (1024K)]
  0x0000749d141cc980 JavaThread "pool-8-thread-1"                   [_thread_blocked, id=1095704, stack(0x0000749d3cf05000,0x0000749d3d005000) (1024K)]
  0x0000749d149eb610 JavaThread "Netty Epoll IO #0"          daemon [_thread_blocked, id=1095706, stack(0x0000749d3c700000,0x0000749d3c800000) (1024K)]
  0x0000749d14c02be0 JavaThread "DiscordSRV ExpiryThread"           [_thread_blocked, id=1095707, stack(0x0000749d3c3fe000,0x0000749d3c4fe000) (1024K)]
  0x0000749d14b5f2c0 JavaThread "luckperms-worker-0"         daemon [_thread_blocked, id=1095708, stack(0x0000749d3c2fe000,0x0000749d3c3fe000) (1024K)]
  0x0000749dcc14bed0 JavaThread "luckperms-worker-1"         daemon [_thread_blocked, id=1095709, stack(0x0000749d3c1fe000,0x0000749d3c2fe000) (1024K)]
  0x0000604cb2bbb640 JavaThread "luckperms-worker-2"         daemon [_thread_blocked, id=1095710, stack(0x0000749d3c0fe000,0x0000749d3c1fe000) (1024K)]
  0x0000749d150ee7b0 JavaThread "luckperms-scheduler"               [_thread_blocked, id=1095711, stack(0x0000749d0ff00000,0x0000749d10000000) (1024K)]
  0x0000749d156b3ee0 JavaThread "FileSystemWatchService"     daemon [_thread_in_native, id=1095713, stack(0x0000749d0fd00000,0x0000749d0fe00000) (1024K)]
  0x0000604cb2bbd3f0 JavaThread "luckperms-worker-3"         daemon [_thread_blocked, id=1095714, stack(0x0000749d0fc00000,0x0000749d0fd00000) (1024K)]
  0x0000749d140fd1a0 JavaThread "bStats-Metrics"                    [_thread_blocked, id=1095722, stack(0x0000749d0f500000,0x0000749d0f600000) (1024K)]
  0x0000749d14664650 JavaThread "mysql-cj-abandoned-connection-cleanup" daemon [_thread_blocked, id=1095723, stack(0x0000749d0f400000,0x0000749d0f500000) (1024K)]
  0x0000749d14dcac20 JavaThread "SQLitePool housekeeper"     daemon [_thread_blocked, id=1095725, stack(0x0000749d0ef00000,0x0000749d0f000000) (1024K)]
  0x0000749d1464ff70 JavaThread "Thread-8"                          [_thread_blocked, id=1095728, stack(0x0000749d0ed00000,0x0000749d0ee00000) (1024K)]
  0x0000749d15883100 JavaThread "bStats-Metrics"                    [_thread_blocked, id=1095729, stack(0x0000749d0ec00000,0x0000749d0ed00000) (1024K)]
  0x0000749d1626e520 JavaThread "bStats-Metrics"             daemon [_thread_blocked, id=1095731, stack(0x0000749d0ea00000,0x0000749d0eb00000) (1024K)]
  0x0000749d1c017580 JavaThread "pool-16-thread-1"                  [_thread_blocked, id=1095732, stack(0x0000749d0e900000,0x0000749d0ea00000) (1024K)]
  0x0000749d165f4040 JavaThread "spark-monitoring-thread"    daemon [_thread_blocked, id=1095734, stack(0x0000749d0e800000,0x0000749d0e900000) (1024K)]
  0x0000749d1663f0c0 JavaThread "Paper Async Task Handler Thread - 0"        [_thread_blocked, id=1095736, stack(0x0000749d0e700000,0x0000749d0e800000) (1024K)]
  0x0000749d00d6f880 JavaThread "spark-async-sampler-worker-thread"        [_thread_blocked, id=1095741, stack(0x0000749d0e1ff000,0x0000749d0e2ff000) (1024K)]
  0x0000749d8808df70 JavaThread "Netty Epoll IO #1"          daemon [_thread_in_native, id=1095742, stack(0x0000749d0e0ff000,0x0000749d0e1ff000) (1024K)]
  0x0000749d8808f420 JavaThread "Netty Epoll IO #2"          daemon [_thread_in_native, id=1095743, stack(0x0000749d08eff000,0x0000749d08fff000) (1024K)]
  0x0000749d00f09870 JavaThread "Query Listener #1"                 [_thread_in_native, id=1095744, stack(0x0000749d08dff000,0x0000749d08eff000) (1024K)]
  0x0000749d00f11040 JavaThread "RCON Listener #2"                  [_thread_in_native, id=1095745, stack(0x0000749d08cff000,0x0000749d08dff000) (1024K)]
  0x0000749d00f1c0a0 JavaThread "Craft Async Scheduler Management Thread"        [_thread_blocked, id=1095747, stack(0x0000749d08aff000,0x0000749d08bff000) (1024K)]
  0x0000749d15453270 JavaThread "Paper Async Task Handler Thread - 1"        [_thread_blocked, id=1095757, stack(0x0000749d08bff000,0x0000749d08cff000) (1024K)]
  0x0000749d88090970 JavaThread "Netty Epoll IO #3"          daemon [_thread_in_native, id=1095758, stack(0x0000749d081ff000,0x0000749d082ff000) (1024K)]
  0x0000749d002ca5f0 JavaThread "Paper Async Command Builder Thread Pool - 0"        [_thread_blocked, id=1095776, stack(0x0000749d084ff000,0x0000749d085ff000) (1024K)]
  0x0000749d159bc290 JavaThread "Paper Async Command Builder Thread Pool - 1"        [_thread_blocked, id=1095782, stack(0x0000749d07bff000,0x0000749d07cff000) (1024K)]
  0x0000749d14cbdcd0 JavaThread "Dimension-Data-IO-Worker-1"        [_thread_blocked, id=1096080, stack(0x0000749d086ff000,0x0000749d087ff000) (1024K)]
  0x0000749d16770ad0 JavaThread "Dimension-Data-IO-Worker-2"        [_thread_blocked, id=1096081, stack(0x0000749d085ff000,0x0000749d086ff000) (1024K)]
  0x0000749d14d073d0 JavaThread "Dimension-Data-IO-Worker-3"        [_thread_blocked, id=1096082, stack(0x0000749d0f700000,0x0000749d0f800000) (1024K)]
  0x0000749d158ad7c0 JavaThread "Dimension-Data-IO-Worker-4"        [_thread_blocked, id=1096083, stack(0x0000749d0f900000,0x0000749d0fa00000) (1024K)]
  0x0000749d28098e80 JavaThread "Craft Scheduler Thread - 913"        [_thread_blocked, id=1118541, stack(0x0000749d3d405000,0x0000749d3d505000) (1024K)]
  0x0000749d28095090 JavaThread "Craft Scheduler Thread - 993"        [_thread_blocked, id=1119842, stack(0x0000749d078ff000,0x0000749d079ff000) (1024K)]
  0x0000749d28093a50 JavaThread "Craft Scheduler Thread - 1007"        [_thread_blocked, id=1120090, stack(0x0000749d080ff000,0x0000749d081ff000) (1024K)]
  0x0000749d28093350 JavaThread "Craft Scheduler Thread - 1013"        [_thread_blocked, id=1120247, stack(0x0000749d0f600000,0x0000749d0f700000) (1024K)]
  0x0000749d280842e0 JavaThread "Craft Scheduler Thread - 1015"        [_thread_blocked, id=1120282, stack(0x0000749d0eb00000,0x0000749d0ec00000) (1024K)]
  0x0000749d2807dcc0 JavaThread "Craft Scheduler Thread - 1017"        [_thread_blocked, id=1120289, stack(0x0000749d079ff000,0x0000749d07aff000) (1024K)]
  0x0000749d28095790 JavaThread "Craft Scheduler Thread - 1019"        [_thread_blocked, id=1120329, stack(0x0000749d07cff000,0x0000749d07dff000) (1024K)]
  0x0000749d28096da0 JavaThread "Craft Scheduler Thread - 1026"        [_thread_blocked, id=1120350, stack(0x0000749d087ff000,0x0000749d088ff000) (1024K)]
  0x0000749d28076b60 JavaThread "Craft Scheduler Thread - 1028"        [_thread_blocked, id=1120378, stack(0x0000749d083ff000,0x0000749d084ff000) (1024K)]
  0x0000749d28068f30 JavaThread "Craft Scheduler Thread - 1030"        [_thread_blocked, id=1120397, stack(0x0000749d3d605000,0x0000749d3d705000) (1024K)]
  0x0000749d2809b9a0 JavaThread "Craft Scheduler Thread - 1031"        [_thread_blocked, id=1120403, stack(0x0000749d07eff000,0x0000749d07fff000) (1024K)]
  0x0000749d2809e700 JavaThread "Craft Scheduler Thread - 1032"        [_thread_blocked, id=1120421, stack(0x0000749d082ff000,0x0000749d083ff000) (1024K)]
  0x0000749d280877b0 JavaThread "Craft Scheduler Thread - 1033"        [_thread_blocked, id=1120424, stack(0x0000749d07fff000,0x0000749d080ff000) (1024K)]
  0x0000749d28083be0 JavaThread "Craft Scheduler Thread - 1034"        [_thread_blocked, id=1120436, stack(0x0000749d3d905000,0x0000749d3da05000) (1024K)]
  0x0000749d28071740 JavaThread "Craft Scheduler Thread - 1036"        [_thread_blocked, id=1120490, stack(0x0000749d0fe00000,0x0000749d0ff00000) (1024K)]
  0x0000749d2807e910 JavaThread "Craft Scheduler Thread - 1037"        [_thread_blocked, id=1120492, stack(0x0000749d0fb00000,0x0000749d0fc00000) (1024K)]
  0x0000749d28094990 JavaThread "Craft Scheduler Thread - 1038"        [_thread_blocked, id=1120513, stack(0x0000749d089ff000,0x0000749d08aff000) (1024K)]
  0x0000749dcc3bb180 JavaThread "Async-profiler Timer"       daemon [_thread_in_native, id=1120519, stack(0x0000749d0e3ff000,0x0000749d0e4ff000) (1024K)]
  0x0000749d8818d040 JavaThread "Async Chat Thread - #36"    daemon [_thread_blocked, id=1120520, stack(0x0000749d3c4fe000,0x0000749d3c5fe000) (1024K)]
  0x0000749d240293b0 JavaThread "Async Chat Thread - #37"    daemon [_thread_blocked, id=1120521, stack(0x0000749d0fa00000,0x0000749d0fb00000) (1024K)]
  0x0000749d28094250 JavaThread "Craft Scheduler Thread - 1039"        [_thread_blocked, id=1120522, stack(0x0000749d0f800000,0x0000749d0f900000) (1024K)]
Total: 74

Other Threads:
=>0x0000749dcc0c0150 VMThread "VM Thread"                           [id=1095650, stack(0x0000749d943fd000,0x0000749d944fd000) (1024K)]
  0x0000749dcc0ae8e0 WatcherThread "VM Periodic Task Thread"        [id=1095649, stack(0x0000749d944fe000,0x0000749d945fe000) (1024K)]
  0x0000749dcc042930 WorkerThread "GC Thread#0"                     [id=1095644, stack(0x0000749dd0367000,0x0000749dd0467000) (1024K)]
  0x0000749d2c006010 WorkerThread "GC Thread#1"                     [id=1095662, stack(0x0000749d3c5ff000,0x0000749d3c6ff000) (1024K)]
  0x0000749dcc04ff00 ConcurrentGCThread "G1 Main Marker"            [id=1095645, stack(0x0000749dd0266000,0x0000749dd0366000) (1024K)]
  0x0000749dcc050eb0 WorkerThread "G1 Conc#0"                       [id=1095646, stack(0x0000749dd0165000,0x0000749dd0265000) (1024K)]
  0x0000749dcc094370 ConcurrentGCThread "G1 Refine#0"               [id=1095647, stack(0x0000749d94700000,0x0000749d94800000) (1024K)]
  0x0000749d80000ce0 ConcurrentGCThread "G1 Refine#1"               [id=1095681, stack(0x0000749d3dc00000,0x0000749d3dd00000) (1024K)]
  0x0000749dcc095330 ConcurrentGCThread "G1 Service"                [id=1095648, stack(0x0000749d945ff000,0x0000749d946ff000) (1024K)]
Total: 9

Threads with active compile tasks:
Total: 0

VM state: at safepoint (normal execution)

VM Mutex/Monitor currently owned by a thread:  ([mutex/lock_event])
[0x0000749dd237fe98] Threads_lock - owner thread: 0x0000749dcc0c0150
[0x0000749dd237fd98] Heap_lock - owner thread: 0x0000749d2809b9a0

Heap address: 0x0000000200000000, size: 24576 MB, Compressed Oops mode: Zero based, Oop shift amount: 3

CDS archive(s) mapped at: [0x0000749d3f000000-0x0000749d3fca0000-0x0000749d3fca0000), size 13238272, SharedBaseAddress: 0x0000749d3f000000, ArchiveRelocationMode: 1.
Compressed class space mapped at: 0x0000749d40000000-0x0000749d80000000, reserved size: 1073741824
Narrow klass base: 0x0000749d3f000000, Narrow klass shift: 0, Narrow klass range: 0x100000000

GC Precious Log:
 CardTable entry size: 512
 Card Set container configuration: InlinePtr #cards 3 size 8 Array Of Cards #cards 128 size 272 Howl #buckets 8 coarsen threshold 29491 Howl Bitmap #cards 4096 size 528 coarsen threshold 3686 Card regions per heap region 1 cards per card region 32768
 CPUs: 2 total, 2 available
 Memory: 3915M
 Large Page Support: Disabled
 NUMA Support: Disabled
 Compressed Oops: Enabled (Zero based)
 Heap Region Size: 16M
 Heap Min Capacity: 1G
 Heap Initial Capacity: 1G
 Heap Max Capacity: 24G
 Pre-touch: Disabled
 Parallel Workers: 2
 Concurrent Workers: 1
 Concurrent Refinement Workers: 2
 Periodic GC: Disabled

Heap:
 garbage-first heap   total 3506176K, used 1265218K [0x0000000200000000, 0x0000000800000000)
  region size 16384K, 3 young (49152K), 3 survivors (49152K)
 Metaspace       used 205339K, committed 207232K, reserved 1245184K
  class space    used 31210K, committed 32128K, reserved 1048576K

Heap Regions: E=young(eden), S=young(survivor), O=old, HS=humongous(starts), HC=humongous(continues), CS=collection set, F=free, TAMS=top-at-mark-start, PB=parsable bottom
|   0|0x0000000200000000, 0x0000000201000000, 0x0000000201000000|100%| O|  |TAMS 0x0000000200000000| PB 0x0000000200000000| Untracked 
|   1|0x0000000201000000, 0x0000000202000000, 0x0000000202000000|100%| O|  |TAMS 0x0000000201000000| PB 0x0000000201000000| Untracked 
|   2|0x0000000202000000, 0x0000000203000000, 0x0000000203000000|100%| O|  |TAMS 0x0000000202000000| PB 0x0000000202000000| Untracked 
|   3|0x0000000203000000, 0x0000000204000000, 0x0000000204000000|100%| O|  |TAMS 0x0000000203000000| PB 0x0000000203000000| Untracked 
|   4|0x0000000204000000, 0x0000000205000000, 0x0000000205000000|100%| O|  |TAMS 0x0000000204000000| PB 0x0000000204000000| Untracked 
|   5|0x0000000205000000, 0x0000000206000000, 0x0000000206000000|100%| O|  |TAMS 0x0000000205000000| PB 0x0000000205000000| Untracked 
|   6|0x0000000206000000, 0x0000000207000000, 0x0000000207000000|100%| O|  |TAMS 0x0000000206000000| PB 0x0000000206000000| Untracked 
|   7|0x0000000207000000, 0x0000000208000000, 0x0000000208000000|100%| O|  |TAMS 0x0000000207000000| PB 0x0000000207000000| Untracked 
|   8|0x0000000208000000, 0x0000000209000000, 0x0000000209000000|100%| O|  |TAMS 0x0000000208000000| PB 0x0000000208000000| Untracked 
|   9|0x0000000209000000, 0x000000020a000000, 0x000000020a000000|100%| O|  |TAMS 0x0000000209000000| PB 0x0000000209000000| Untracked 
|  10|0x000000020a000000, 0x000000020b000000, 0x000000020b000000|100%| O|  |TAMS 0x000000020a000000| PB 0x000000020a000000| Untracked 
|  11|0x000000020b000000, 0x000000020c000000, 0x000000020c000000|100%| O|  |TAMS 0x000000020b000000| PB 0x000000020b000000| Untracked 
|  12|0x000000020c000000, 0x000000020d000000, 0x000000020d000000|100%| O|  |TAMS 0x000000020c000000| PB 0x000000020c000000| Untracked 
|  13|0x000000020d000000, 0x000000020e000000, 0x000000020e000000|100%| O|  |TAMS 0x000000020d000000| PB 0x000000020d000000| Untracked 
|  14|0x000000020e000000, 0x000000020f000000, 0x000000020f000000|100%| O|  |TAMS 0x000000020e000000| PB 0x000000020e000000| Untracked 
|  15|0x000000020f000000, 0x0000000210000000, 0x0000000210000000|100%| O|  |TAMS 0x000000020f000000| PB 0x000000020f000000| Untracked 
|  16|0x0000000210000000, 0x0000000211000000, 0x0000000211000000|100%| O|  |TAMS 0x0000000210000000| PB 0x0000000210000000| Untracked 
|  17|0x0000000211000000, 0x0000000212000000, 0x0000000212000000|100%| O|  |TAMS 0x0000000211000000| PB 0x0000000211000000| Untracked 
|  18|0x0000000212000000, 0x0000000213000000, 0x0000000213000000|100%| O|  |TAMS 0x0000000212000000| PB 0x0000000212000000| Untracked 
|  19|0x0000000213000000, 0x0000000214000000, 0x0000000214000000|100%| O|  |TAMS 0x0000000213000000| PB 0x0000000213000000| Untracked 
|  20|0x0000000214000000, 0x0000000215000000, 0x0000000215000000|100%| O|  |TAMS 0x0000000214000000| PB 0x0000000214000000| Untracked 
|  21|0x0000000215000000, 0x0000000216000000, 0x0000000216000000|100%| O|  |TAMS 0x0000000215000000| PB 0x0000000215000000| Untracked 
|  22|0x0000000216000000, 0x0000000217000000, 0x0000000217000000|100%| O|  |TAMS 0x0000000216000000| PB 0x0000000216000000| Untracked 
|  23|0x0000000217000000, 0x0000000218000000, 0x0000000218000000|100%| O|  |TAMS 0x0000000217000000| PB 0x0000000217000000| Untracked 
|  24|0x0000000218000000, 0x0000000219000000, 0x0000000219000000|100%| O|  |TAMS 0x0000000218000000| PB 0x0000000218000000| Untracked 
|  25|0x0000000219000000, 0x000000021a000000, 0x000000021a000000|100%| O|  |TAMS 0x0000000219000000| PB 0x0000000219000000| Untracked 
|  26|0x000000021a000000, 0x000000021b000000, 0x000000021b000000|100%| O|  |TAMS 0x000000021a000000| PB 0x000000021a000000| Untracked 
|  27|0x000000021b000000, 0x000000021c000000, 0x000000021c000000|100%| O|  |TAMS 0x000000021b000000| PB 0x000000021b000000| Untracked 
|  28|0x000000021c000000, 0x000000021d000000, 0x000000021d000000|100%| O|  |TAMS 0x000000021c000000| PB 0x000000021c000000| Untracked 
|  29|0x000000021d000000, 0x000000021e000000, 0x000000021e000000|100%| O|  |TAMS 0x000000021d000000| PB 0x000000021d000000| Untracked 
|  30|0x000000021e000000, 0x000000021f000000, 0x000000021f000000|100%| O|  |TAMS 0x000000021e000000| PB 0x000000021e000000| Untracked 
|  31|0x000000021f000000, 0x0000000220000000, 0x0000000220000000|100%| O|  |TAMS 0x000000021f000000| PB 0x000000021f000000| Untracked 
|  32|0x0000000220000000, 0x0000000221000000, 0x0000000221000000|100%| O|  |TAMS 0x0000000220000000| PB 0x0000000220000000| Untracked 
|  33|0x0000000221000000, 0x0000000222000000, 0x0000000222000000|100%| O|  |TAMS 0x0000000221000000| PB 0x0000000221000000| Untracked 
|  34|0x0000000222000000, 0x0000000223000000, 0x0000000223000000|100%| O|  |TAMS 0x0000000222000000| PB 0x0000000222000000| Untracked 
|  35|0x0000000223000000, 0x0000000224000000, 0x0000000224000000|100%| O|  |TAMS 0x0000000223000000| PB 0x0000000223000000| Untracked 
|  36|0x0000000224000000, 0x0000000225000000, 0x0000000225000000|100%| O|  |TAMS 0x0000000224000000| PB 0x0000000224000000| Untracked 
|  37|0x0000000225000000, 0x0000000226000000, 0x0000000226000000|100%| O|  |TAMS 0x0000000225000000| PB 0x0000000225000000| Untracked 
|  38|0x0000000226000000, 0x0000000227000000, 0x0000000227000000|100%| O|  |TAMS 0x0000000226000000| PB 0x0000000226000000| Untracked 
|  39|0x0000000227000000, 0x0000000228000000, 0x0000000228000000|100%| O|  |TAMS 0x0000000227000000| PB 0x0000000227000000| Untracked 
|  40|0x0000000228000000, 0x0000000229000000, 0x0000000229000000|100%| O|  |TAMS 0x0000000228000000| PB 0x0000000228000000| Untracked 
|  41|0x0000000229000000, 0x000000022a000000, 0x000000022a000000|100%| O|  |TAMS 0x0000000229000000| PB 0x0000000229000000| Untracked 
|  42|0x000000022a000000, 0x000000022b000000, 0x000000022b000000|100%| O|  |TAMS 0x000000022a000000| PB 0x000000022a000000| Untracked 
|  43|0x000000022b000000, 0x000000022c000000, 0x000000022c000000|100%| O|  |TAMS 0x000000022b000000| PB 0x000000022b000000| Untracked 
|  44|0x000000022c000000, 0x000000022d000000, 0x000000022d000000|100%| O|  |TAMS 0x000000022c000000| PB 0x000000022c000000| Untracked 
|  45|0x000000022d000000, 0x000000022e000000, 0x000000022e000000|100%| O|  |TAMS 0x000000022d000000| PB 0x000000022d000000| Untracked 
|  46|0x000000022e000000, 0x000000022f000000, 0x000000022f000000|100%| O|  |TAMS 0x000000022e000000| PB 0x000000022e000000| Untracked 
|  47|0x000000022f000000, 0x0000000230000000, 0x0000000230000000|100%| O|  |TAMS 0x000000022f000000| PB 0x000000022f000000| Untracked 
|  48|0x0000000230000000, 0x0000000231000000, 0x0000000231000000|100%| O|  |TAMS 0x0000000230000000| PB 0x0000000230000000| Untracked 
|  49|0x0000000231000000, 0x0000000232000000, 0x0000000232000000|100%| O|  |TAMS 0x0000000231000000| PB 0x0000000231000000| Untracked 
|  50|0x0000000232000000, 0x0000000233000000, 0x0000000233000000|100%| O|  |TAMS 0x0000000232000000| PB 0x0000000232000000| Untracked 
|  51|0x0000000233000000, 0x0000000234000000, 0x0000000234000000|100%| O|  |TAMS 0x0000000233000000| PB 0x0000000233000000| Untracked 
|  52|0x0000000234000000, 0x0000000235000000, 0x0000000235000000|100%| O|  |TAMS 0x0000000234000000| PB 0x0000000234000000| Untracked 
|  53|0x0000000235000000, 0x0000000236000000, 0x0000000236000000|100%| O|  |TAMS 0x0000000235000000| PB 0x0000000235000000| Untracked 
|  54|0x0000000236000000, 0x0000000237000000, 0x0000000237000000|100%| O|  |TAMS 0x0000000236000000| PB 0x0000000236000000| Untracked 
|  55|0x0000000237000000, 0x0000000238000000, 0x0000000238000000|100%| O|  |TAMS 0x0000000237000000| PB 0x0000000237000000| Untracked 
|  56|0x0000000238000000, 0x0000000239000000, 0x0000000239000000|100%| O|  |TAMS 0x0000000238000000| PB 0x0000000238000000| Untracked 
|  57|0x0000000239000000, 0x000000023a000000, 0x000000023a000000|100%| O|  |TAMS 0x0000000239000000| PB 0x0000000239000000| Untracked 
|  58|0x000000023a000000, 0x000000023b000000, 0x000000023b000000|100%| O|  |TAMS 0x000000023a000000| PB 0x000000023a000000| Untracked 
|  59|0x000000023b000000, 0x000000023c000000, 0x000000023c000000|100%| O|  |TAMS 0x000000023b000000| PB 0x000000023b000000| Untracked 
|  60|0x000000023c000000, 0x000000023d000000, 0x000000023d000000|100%| O|  |TAMS 0x000000023c000000| PB 0x000000023c000000| Untracked 
|  61|0x000000023d000000, 0x000000023e000000, 0x000000023e000000|100%| O|  |TAMS 0x000000023d000000| PB 0x000000023d000000| Untracked 
|  62|0x000000023e000000, 0x000000023f000000, 0x000000023f000000|100%| O|  |TAMS 0x000000023e000000| PB 0x000000023e000000| Untracked 
|  63|0x000000023f000000, 0x0000000240000000, 0x0000000240000000|100%| O|  |TAMS 0x000000023f000000| PB 0x000000023f000000| Untracked 
|  64|0x0000000240000000, 0x0000000241000000, 0x0000000241000000|100%| O|  |TAMS 0x0000000240000000| PB 0x0000000240000000| Untracked 
|  65|0x0000000241000000, 0x0000000242000000, 0x0000000242000000|100%| O|  |TAMS 0x0000000241000000| PB 0x0000000241000000| Untracked 
|  66|0x0000000242000000, 0x0000000243000000, 0x0000000243000000|100%| O|  |TAMS 0x0000000242000000| PB 0x0000000242000000| Untracked 
|  67|0x0000000243000000, 0x0000000244000000, 0x0000000244000000|100%| O|  |TAMS 0x0000000243000000| PB 0x0000000243000000| Untracked 
|  68|0x0000000244000000, 0x0000000245000000, 0x0000000245000000|100%| O|  |TAMS 0x0000000244000000| PB 0x0000000244000000| Untracked 
|  69|0x0000000245000000, 0x0000000246000000, 0x0000000246000000|100%| O|  |TAMS 0x0000000245000000| PB 0x0000000245000000| Untracked 
|  70|0x0000000246000000, 0x0000000247000000, 0x0000000247000000|100%| O|  |TAMS 0x0000000246000000| PB 0x0000000246000000| Untracked 
|  71|0x0000000247000000, 0x0000000248000000, 0x0000000248000000|100%| O|  |TAMS 0x0000000247000000| PB 0x0000000247000000| Untracked 
|  72|0x0000000248000000, 0x0000000249000000, 0x0000000249000000|100%| O|  |TAMS 0x0000000248000000| PB 0x0000000248000000| Untracked 
|  73|0x0000000249000000, 0x000000024a000000, 0x000000024a000000|100%| O|  |TAMS 0x0000000249000000| PB 0x0000000249000000| Untracked 
|  74|0x000000024a000000, 0x000000024b000000, 0x000000024b000000|100%| O|  |TAMS 0x000000024a000000| PB 0x000000024a000000| Untracked 
|  75|0x000000024b000000, 0x000000024b000000, 0x000000024c000000|  0%| F|  |TAMS 0x000000024b000000| PB 0x000000024b000000| Untracked 
|  76|0x000000024c000000, 0x000000024c000000, 0x000000024d000000|  0%| F|  |TAMS 0x000000024c000000| PB 0x000000024c000000| Untracked 
|  77|0x000000024d000000, 0x000000024d000000, 0x000000024e000000|  0%| F|  |TAMS 0x000000024d000000| PB 0x000000024d000000| Untracked 
|  78|0x000000024e000000, 0x000000024e000000, 0x000000024f000000|  0%| F|  |TAMS 0x000000024e000000| PB 0x000000024e000000| Untracked 
|  79|0x000000024f000000, 0x000000024f000000, 0x0000000250000000|  0%| F|  |TAMS 0x000000024f000000| PB 0x000000024f000000| Untracked 
|  80|0x0000000250000000, 0x0000000250000000, 0x0000000251000000|  0%| F|  |TAMS 0x0000000250000000| PB 0x0000000250000000| Untracked 
|  81|0x0000000251000000, 0x0000000251000000, 0x0000000252000000|  0%| F|  |TAMS 0x0000000251000000| PB 0x0000000251000000| Untracked 
|  82|0x0000000252000000, 0x0000000252000000, 0x0000000253000000|  0%| F|  |TAMS 0x0000000252000000| PB 0x0000000252000000| Untracked 
|  83|0x0000000253000000, 0x0000000253000000, 0x0000000254000000|  0%| F|  |TAMS 0x0000000253000000| PB 0x0000000253000000| Untracked 
|  84|0x0000000254000000, 0x0000000254390958, 0x0000000255000000| 22%| S|CS|TAMS 0x0000000254000000| PB 0x0000000254000000| Complete 
|  85|0x0000000255000000, 0x0000000256000000, 0x0000000256000000|100%| S|CS|TAMS 0x0000000255000000| PB 0x0000000255000000| Complete 
|  86|0x0000000256000000, 0x0000000257000000, 0x0000000257000000|100%| S|CS|TAMS 0x0000000256000000| PB 0x0000000256000000| Complete 
|  87|0x0000000257000000, 0x0000000257000000, 0x0000000258000000|  0%| F|  |TAMS 0x0000000257000000| PB 0x0000000257000000| Untracked 
|  88|0x0000000258000000, 0x0000000258000000, 0x0000000259000000|  0%| F|  |TAMS 0x0000000258000000| PB 0x0000000258000000| Untracked 
|  89|0x0000000259000000, 0x0000000259000000, 0x000000025a000000|  0%| F|  |TAMS 0x0000000259000000| PB 0x0000000259000000| Untracked 
|  90|0x000000025a000000, 0x000000025a000000, 0x000000025b000000|  0%| F|  |TAMS 0x000000025a000000| PB 0x000000025a000000| Untracked 
|  91|0x000000025b000000, 0x000000025b000000, 0x000000025c000000|  0%| F|  |TAMS 0x000000025b000000| PB 0x000000025b000000| Untracked 
|  92|0x000000025c000000, 0x000000025c000000, 0x000000025d000000|  0%| F|  |TAMS 0x000000025c000000| PB 0x000000025c000000| Untracked 
|  93|0x000000025d000000, 0x000000025d000000, 0x000000025e000000|  0%| F|  |TAMS 0x000000025d000000| PB 0x000000025d000000| Untracked 
|  94|0x000000025e000000, 0x000000025e000000, 0x000000025f000000|  0%| F|  |TAMS 0x000000025e000000| PB 0x000000025e000000| Untracked 
|  95|0x000000025f000000, 0x000000025f000000, 0x0000000260000000|  0%| F|  |TAMS 0x000000025f000000| PB 0x000000025f000000| Untracked 
|  96|0x0000000260000000, 0x0000000260000000, 0x0000000261000000|  0%| F|  |TAMS 0x0000000260000000| PB 0x0000000260000000| Untracked 
|  97|0x0000000261000000, 0x0000000261000000, 0x0000000262000000|  0%| F|  |TAMS 0x0000000261000000| PB 0x0000000261000000| Untracked 
|  98|0x0000000262000000, 0x0000000262000000, 0x0000000263000000|  0%| F|  |TAMS 0x0000000262000000| PB 0x0000000262000000| Untracked 
|  99|0x0000000263000000, 0x0000000263000000, 0x0000000264000000|  0%| F|  |TAMS 0x0000000263000000| PB 0x0000000263000000| Untracked 
| 100|0x0000000264000000, 0x0000000264000000, 0x0000000265000000|  0%| F|  |TAMS 0x0000000264000000| PB 0x0000000264000000| Untracked 
| 101|0x0000000265000000, 0x0000000265000000, 0x0000000266000000|  0%| F|  |TAMS 0x0000000265000000| PB 0x0000000265000000| Untracked 
| 102|0x0000000266000000, 0x0000000266000000, 0x0000000267000000|  0%| F|  |TAMS 0x0000000266000000| PB 0x0000000266000000| Untracked 
| 103|0x0000000267000000, 0x0000000267000000, 0x0000000268000000|  0%| F|  |TAMS 0x0000000267000000| PB 0x0000000267000000| Untracked 
| 104|0x0000000268000000, 0x0000000268000000, 0x0000000269000000|  0%| F|  |TAMS 0x0000000268000000| PB 0x0000000268000000| Untracked 
| 105|0x0000000269000000, 0x0000000269000000, 0x000000026a000000|  0%| F|  |TAMS 0x0000000269000000| PB 0x0000000269000000| Untracked 
| 106|0x000000026a000000, 0x000000026a000000, 0x000000026b000000|  0%| F|  |TAMS 0x000000026a000000| PB 0x000000026a000000| Untracked 
| 107|0x000000026b000000, 0x000000026b000000, 0x000000026c000000|  0%| F|  |TAMS 0x000000026b000000| PB 0x000000026b000000| Untracked 
| 108|0x000000026c000000, 0x000000026c000000, 0x000000026d000000|  0%| F|  |TAMS 0x000000026c000000| PB 0x000000026c000000| Untracked 
| 109|0x000000026d000000, 0x000000026d000000, 0x000000026e000000|  0%| F|  |TAMS 0x000000026d000000| PB 0x000000026d000000| Untracked 
| 110|0x000000026e000000, 0x000000026e000000, 0x000000026f000000|  0%| F|  |TAMS 0x000000026e000000| PB 0x000000026e000000| Untracked 
| 111|0x000000026f000000, 0x000000026f000000, 0x0000000270000000|  0%| F|  |TAMS 0x000000026f000000| PB 0x000000026f000000| Untracked 
| 112|0x0000000270000000, 0x0000000270000000, 0x0000000271000000|  0%| F|  |TAMS 0x0000000270000000| PB 0x0000000270000000| Untracked 
| 113|0x0000000271000000, 0x0000000271000000, 0x0000000272000000|  0%| F|  |TAMS 0x0000000271000000| PB 0x0000000271000000| Untracked 
| 114|0x0000000272000000, 0x0000000272000000, 0x0000000273000000|  0%| F|  |TAMS 0x0000000272000000| PB 0x0000000272000000| Untracked 
| 115|0x0000000273000000, 0x0000000273000000, 0x0000000274000000|  0%| F|  |TAMS 0x0000000273000000| PB 0x0000000273000000| Untracked 
| 116|0x0000000274000000, 0x0000000274000000, 0x0000000275000000|  0%| F|  |TAMS 0x0000000274000000| PB 0x0000000274000000| Untracked 
| 117|0x0000000275000000, 0x0000000275000000, 0x0000000276000000|  0%| F|  |TAMS 0x0000000275000000| PB 0x0000000275000000| Untracked 
| 118|0x0000000276000000, 0x0000000276000000, 0x0000000277000000|  0%| F|  |TAMS 0x0000000276000000| PB 0x0000000276000000| Untracked 
| 119|0x0000000277000000, 0x0000000277000000, 0x0000000278000000|  0%| F|  |TAMS 0x0000000277000000| PB 0x0000000277000000| Untracked 
| 120|0x0000000278000000, 0x0000000278000000, 0x0000000279000000|  0%| F|  |TAMS 0x0000000278000000| PB 0x0000000278000000| Untracked 
| 121|0x0000000279000000, 0x0000000279000000, 0x000000027a000000|  0%| F|  |TAMS 0x0000000279000000| PB 0x0000000279000000| Untracked 
| 122|0x000000027a000000, 0x000000027a000000, 0x000000027b000000|  0%| F|  |TAMS 0x000000027a000000| PB 0x000000027a000000| Untracked 
| 123|0x000000027b000000, 0x000000027b000000, 0x000000027c000000|  0%| F|  |TAMS 0x000000027b000000| PB 0x000000027b000000| Untracked 
| 124|0x000000027c000000, 0x000000027c000000, 0x000000027d000000|  0%| F|  |TAMS 0x000000027c000000| PB 0x000000027c000000| Untracked 
| 125|0x000000027d000000, 0x000000027d000000, 0x000000027e000000|  0%| F|  |TAMS 0x000000027d000000| PB 0x000000027d000000| Untracked 
| 126|0x000000027e000000, 0x000000027e000000, 0x000000027f000000|  0%| F|  |TAMS 0x000000027e000000| PB 0x000000027e000000| Untracked 
| 127|0x000000027f000000, 0x000000027f000000, 0x0000000280000000|  0%| F|  |TAMS 0x000000027f000000| PB 0x000000027f000000| Untracked 
| 128|0x0000000280000000, 0x0000000280000000, 0x0000000281000000|  0%| F|  |TAMS 0x0000000280000000| PB 0x0000000280000000| Untracked 
| 129|0x0000000281000000, 0x0000000281000000, 0x0000000282000000|  0%| F|  |TAMS 0x0000000281000000| PB 0x0000000281000000| Untracked 
| 130|0x0000000282000000, 0x0000000282000000, 0x0000000283000000|  0%| F|  |TAMS 0x0000000282000000| PB 0x0000000282000000| Untracked 
| 131|0x0000000283000000, 0x0000000283000000, 0x0000000284000000|  0%| F|  |TAMS 0x0000000283000000| PB 0x0000000283000000| Untracked 
| 132|0x0000000284000000, 0x0000000284000000, 0x0000000285000000|  0%| F|  |TAMS 0x0000000284000000| PB 0x0000000284000000| Untracked 
| 133|0x0000000285000000, 0x0000000285000000, 0x0000000286000000|  0%| F|  |TAMS 0x0000000285000000| PB 0x0000000285000000| Untracked 
| 134|0x0000000286000000, 0x0000000286000000, 0x0000000287000000|  0%| F|  |TAMS 0x0000000286000000| PB 0x0000000286000000| Untracked 
| 135|0x0000000287000000, 0x0000000287000000, 0x0000000288000000|  0%| F|  |TAMS 0x0000000287000000| PB 0x0000000287000000| Untracked 
| 136|0x0000000288000000, 0x0000000288000000, 0x0000000289000000|  0%| F|  |TAMS 0x0000000288000000| PB 0x0000000288000000| Untracked 
| 137|0x0000000289000000, 0x0000000289000000, 0x000000028a000000|  0%| F|  |TAMS 0x0000000289000000| PB 0x0000000289000000| Untracked 
| 138|0x000000028a000000, 0x000000028a000000, 0x000000028b000000|  0%| F|  |TAMS 0x000000028a000000| PB 0x000000028a000000| Untracked 
| 139|0x000000028b000000, 0x000000028b000000, 0x000000028c000000|  0%| F|  |TAMS 0x000000028b000000| PB 0x000000028b000000| Untracked 
| 140|0x000000028c000000, 0x000000028c000000, 0x000000028d000000|  0%| F|  |TAMS 0x000000028c000000| PB 0x000000028c000000| Untracked 
| 141|0x000000028d000000, 0x000000028d000000, 0x000000028e000000|  0%| F|  |TAMS 0x000000028d000000| PB 0x000000028d000000| Untracked 
| 142|0x000000028e000000, 0x000000028e000000, 0x000000028f000000|  0%| F|  |TAMS 0x000000028e000000| PB 0x000000028e000000| Untracked 
| 143|0x000000028f000000, 0x000000028f000000, 0x0000000290000000|  0%| F|  |TAMS 0x000000028f000000| PB 0x000000028f000000| Untracked 
| 144|0x0000000290000000, 0x0000000290000000, 0x0000000291000000|  0%| F|  |TAMS 0x0000000290000000| PB 0x0000000290000000| Untracked 
| 145|0x0000000291000000, 0x0000000291000000, 0x0000000292000000|  0%| F|  |TAMS 0x0000000291000000| PB 0x0000000291000000| Untracked 
| 146|0x0000000292000000, 0x0000000292000000, 0x0000000293000000|  0%| F|  |TAMS 0x0000000292000000| PB 0x0000000292000000| Untracked 
| 147|0x0000000293000000, 0x0000000293000000, 0x0000000294000000|  0%| F|  |TAMS 0x0000000293000000| PB 0x0000000293000000| Untracked 
| 148|0x0000000294000000, 0x0000000294000000, 0x0000000295000000|  0%| F|  |TAMS 0x0000000294000000| PB 0x0000000294000000| Untracked 
| 149|0x0000000295000000, 0x0000000295000000, 0x0000000296000000|  0%| F|  |TAMS 0x0000000295000000| PB 0x0000000295000000| Untracked 
| 150|0x0000000296000000, 0x0000000296000000, 0x0000000297000000|  0%| F|  |TAMS 0x0000000296000000| PB 0x0000000296000000| Untracked 
| 151|0x0000000297000000, 0x0000000297000000, 0x0000000298000000|  0%| F|  |TAMS 0x0000000297000000| PB 0x0000000297000000| Untracked 
| 152|0x0000000298000000, 0x0000000298000000, 0x0000000299000000|  0%| F|  |TAMS 0x0000000298000000| PB 0x0000000298000000| Untracked 
| 153|0x0000000299000000, 0x0000000299000000, 0x000000029a000000|  0%| F|  |TAMS 0x0000000299000000| PB 0x0000000299000000| Untracked 
| 154|0x000000029a000000, 0x000000029a000000, 0x000000029b000000|  0%| F|  |TAMS 0x000000029a000000| PB 0x000000029a000000| Untracked 
| 155|0x000000029b000000, 0x000000029b000000, 0x000000029c000000|  0%| F|  |TAMS 0x000000029b000000| PB 0x000000029b000000| Untracked 
| 156|0x000000029c000000, 0x000000029c000000, 0x000000029d000000|  0%| F|  |TAMS 0x000000029c000000| PB 0x000000029c000000| Untracked 
| 157|0x000000029d000000, 0x000000029d000000, 0x000000029e000000|  0%| F|  |TAMS 0x000000029d000000| PB 0x000000029d000000| Untracked 
| 158|0x000000029e000000, 0x000000029e000000, 0x000000029f000000|  0%| F|  |TAMS 0x000000029e000000| PB 0x000000029e000000| Untracked 
| 159|0x000000029f000000, 0x000000029f000000, 0x00000002a0000000|  0%| F|  |TAMS 0x000000029f000000| PB 0x000000029f000000| Untracked 
| 160|0x00000002a0000000, 0x00000002a0000000, 0x00000002a1000000|  0%| F|  |TAMS 0x00000002a0000000| PB 0x00000002a0000000| Untracked 
| 161|0x00000002a1000000, 0x00000002a1000000, 0x00000002a2000000|  0%| F|  |TAMS 0x00000002a1000000| PB 0x00000002a1000000| Untracked 
| 162|0x00000002a2000000, 0x00000002a2000000, 0x00000002a3000000|  0%| F|  |TAMS 0x00000002a2000000| PB 0x00000002a2000000| Untracked 
| 163|0x00000002a3000000, 0x00000002a3000000, 0x00000002a4000000|  0%| F|  |TAMS 0x00000002a3000000| PB 0x00000002a3000000| Untracked 
| 164|0x00000002a4000000, 0x00000002a4000000, 0x00000002a5000000|  0%| F|  |TAMS 0x00000002a4000000| PB 0x00000002a4000000| Untracked 
| 165|0x00000002a5000000, 0x00000002a5000000, 0x00000002a6000000|  0%| F|  |TAMS 0x00000002a5000000| PB 0x00000002a5000000| Untracked 
| 166|0x00000002a6000000, 0x00000002a6000000, 0x00000002a7000000|  0%| F|  |TAMS 0x00000002a6000000| PB 0x00000002a6000000| Untracked 
| 167|0x00000002a7000000, 0x00000002a7000000, 0x00000002a8000000|  0%| F|  |TAMS 0x00000002a7000000| PB 0x00000002a7000000| Untracked 
| 168|0x00000002a8000000, 0x00000002a8000000, 0x00000002a9000000|  0%| F|  |TAMS 0x00000002a8000000| PB 0x00000002a8000000| Untracked 
| 169|0x00000002a9000000, 0x00000002a9000000, 0x00000002aa000000|  0%| F|  |TAMS 0x00000002a9000000| PB 0x00000002a9000000| Untracked 
| 170|0x00000002aa000000, 0x00000002aa000000, 0x00000002ab000000|  0%| F|  |TAMS 0x00000002aa000000| PB 0x00000002aa000000| Untracked 
| 171|0x00000002ab000000, 0x00000002ab000000, 0x00000002ac000000|  0%| F|  |TAMS 0x00000002ab000000| PB 0x00000002ab000000| Untracked 
| 172|0x00000002ac000000, 0x00000002ac000000, 0x00000002ad000000|  0%| F|  |TAMS 0x00000002ac000000| PB 0x00000002ac000000| Untracked 
| 173|0x00000002ad000000, 0x00000002ad000000, 0x00000002ae000000|  0%| F|  |TAMS 0x00000002ad000000| PB 0x00000002ad000000| Untracked 
| 174|0x00000002ae000000, 0x00000002ae000000, 0x00000002af000000|  0%| F|  |TAMS 0x00000002ae000000| PB 0x00000002ae000000| Untracked 
| 175|0x00000002af000000, 0x00000002af000000, 0x00000002b0000000|  0%| F|  |TAMS 0x00000002af000000| PB 0x00000002af000000| Untracked 
| 176|0x00000002b0000000, 0x00000002b0000000, 0x00000002b1000000|  0%| F|  |TAMS 0x00000002b0000000| PB 0x00000002b0000000| Untracked 
| 177|0x00000002b1000000, 0x00000002b1000000, 0x00000002b2000000|  0%| F|  |TAMS 0x00000002b1000000| PB 0x00000002b1000000| Untracked 
| 178|0x00000002b2000000, 0x00000002b2000000, 0x00000002b3000000|  0%| F|  |TAMS 0x00000002b2000000| PB 0x00000002b2000000| Untracked 
| 179|0x00000002b3000000, 0x00000002b3000000, 0x00000002b4000000|  0%| F|  |TAMS 0x00000002b3000000| PB 0x00000002b3000000| Untracked 
| 180|0x00000002b4000000, 0x00000002b4000000, 0x00000002b5000000|  0%| F|  |TAMS 0x00000002b4000000| PB 0x00000002b4000000| Untracked 
| 181|0x00000002b5000000, 0x00000002b5000000, 0x00000002b6000000|  0%| F|  |TAMS 0x00000002b5000000| PB 0x00000002b5000000| Untracked 
| 182|0x00000002b6000000, 0x00000002b6000000, 0x00000002b7000000|  0%| F|  |TAMS 0x00000002b6000000| PB 0x00000002b6000000| Untracked 
| 183|0x00000002b7000000, 0x00000002b7000000, 0x00000002b8000000|  0%| F|  |TAMS 0x00000002b7000000| PB 0x00000002b7000000| Untracked 
| 184|0x00000002b8000000, 0x00000002b8000000, 0x00000002b9000000|  0%| F|  |TAMS 0x00000002b8000000| PB 0x00000002b8000000| Untracked 
| 185|0x00000002b9000000, 0x00000002b9000000, 0x00000002ba000000|  0%| F|  |TAMS 0x00000002b9000000| PB 0x00000002b9000000| Untracked 
| 186|0x00000002ba000000, 0x00000002ba000000, 0x00000002bb000000|  0%| F|  |TAMS 0x00000002ba000000| PB 0x00000002ba000000| Untracked 
| 187|0x00000002bb000000, 0x00000002bb000000, 0x00000002bc000000|  0%| F|  |TAMS 0x00000002bb000000| PB 0x00000002bb000000| Untracked 
| 188|0x00000002bc000000, 0x00000002bc000000, 0x00000002bd000000|  0%| F|  |TAMS 0x00000002bc000000| PB 0x00000002bc000000| Untracked 
| 189|0x00000002bd000000, 0x00000002bd000000, 0x00000002be000000|  0%| F|  |TAMS 0x00000002bd000000| PB 0x00000002bd000000| Untracked 
| 190|0x00000002be000000, 0x00000002be000000, 0x00000002bf000000|  0%| F|  |TAMS 0x00000002be000000| PB 0x00000002be000000| Untracked 
| 191|0x00000002bf000000, 0x00000002bf000000, 0x00000002c0000000|  0%| F|  |TAMS 0x00000002bf000000| PB 0x00000002bf000000| Untracked 
| 192|0x00000002c0000000, 0x00000002c0000000, 0x00000002c1000000|  0%| F|  |TAMS 0x00000002c0000000| PB 0x00000002c0000000| Untracked 
| 193|0x00000002c1000000, 0x00000002c1000000, 0x00000002c2000000|  0%| F|  |TAMS 0x00000002c1000000| PB 0x00000002c1000000| Untracked 
| 194|0x00000002c2000000, 0x00000002c2000000, 0x00000002c3000000|  0%| F|  |TAMS 0x00000002c2000000| PB 0x00000002c2000000| Untracked 
| 195|0x00000002c3000000, 0x00000002c3000000, 0x00000002c4000000|  0%| F|  |TAMS 0x00000002c3000000| PB 0x00000002c3000000| Untracked 
| 196|0x00000002c4000000, 0x00000002c4000000, 0x00000002c5000000|  0%| F|  |TAMS 0x00000002c4000000| PB 0x00000002c4000000| Untracked 
| 197|0x00000002c5000000, 0x00000002c5000000, 0x00000002c6000000|  0%| F|  |TAMS 0x00000002c5000000| PB 0x00000002c5000000| Untracked 
| 198|0x00000002c6000000, 0x00000002c6000000, 0x00000002c7000000|  0%| F|  |TAMS 0x00000002c6000000| PB 0x00000002c6000000| Untracked 
| 199|0x00000002c7000000, 0x00000002c7000000, 0x00000002c8000000|  0%| F|  |TAMS 0x00000002c7000000| PB 0x00000002c7000000| Untracked 
| 200|0x00000002c8000000, 0x00000002c8000000, 0x00000002c9000000|  0%| F|  |TAMS 0x00000002c8000000| PB 0x00000002c8000000| Untracked 
| 201|0x00000002c9000000, 0x00000002c9000000, 0x00000002ca000000|  0%| F|  |TAMS 0x00000002c9000000| PB 0x00000002c9000000| Untracked 
| 202|0x00000002ca000000, 0x00000002ca000000, 0x00000002cb000000|  0%| F|  |TAMS 0x00000002ca000000| PB 0x00000002ca000000| Untracked 
| 203|0x00000002cb000000, 0x00000002cb000000, 0x00000002cc000000|  0%| F|  |TAMS 0x00000002cb000000| PB 0x00000002cb000000| Untracked 
| 204|0x00000002cc000000, 0x00000002cc000000, 0x00000002cd000000|  0%| F|  |TAMS 0x00000002cc000000| PB 0x00000002cc000000| Untracked 
|1522|0x00000007f2000000, 0x00000007f2000000, 0x00000007f3000000|  0%| F|  |TAMS 0x00000007f2000000| PB 0x00000007f2000000| Untracked 
|1523|0x00000007f3000000, 0x00000007f3000000, 0x00000007f4000000|  0%| F|  |TAMS 0x00000007f3000000| PB 0x00000007f3000000| Untracked 
|1524|0x00000007f4000000, 0x00000007f4000000, 0x00000007f5000000|  0%| F|  |TAMS 0x00000007f4000000| PB 0x00000007f4000000| Untracked 
|1525|0x00000007f5000000, 0x00000007f5000000, 0x00000007f6000000|  0%| F|  |TAMS 0x00000007f5000000| PB 0x00000007f5000000| Untracked 
|1531|0x00000007fb000000, 0x00000007fb000000, 0x00000007fc000000|  0%| F|  |TAMS 0x00000007fb000000| PB 0x00000007fb000000| Untracked 
|1532|0x00000007fc000000, 0x00000007fc000000, 0x00000007fd000000|  0%| F|  |TAMS 0x00000007fc000000| PB 0x00000007fc000000| Untracked 
|1533|0x00000007fd000000, 0x00000007fd000000, 0x00000007fe000000|  0%| F|  |TAMS 0x00000007fd000000| PB 0x00000007fd000000| Untracked 
|1534|0x00000007fe000000, 0x00000007fe000000, 0x00000007ff000000|  0%| F|  |TAMS 0x00000007fe000000| PB 0x00000007fe000000| Untracked 
|1535|0x00000007ff000000, 0x00000007ff000000, 0x0000000800000000|  0%| F|  |TAMS 0x00000007ff000000| PB 0x00000007ff000000| Untracked 

Card table byte_map: [0x0000749dae800000,0x0000749db1800000] _byte_map_base: 0x0000749dad800000

Marking Bits: (CMBitMap*) 0x0000749dcc043460
 Bits: [0x0000749d96800000, 0x0000749dae800000)

Polling page: 0x0000749dd26f6000

Metaspace:

Usage:
  Non-class:    170.05 MB used.
      Class:     30.48 MB used.
       Both:    200.53 MB used.

Virtual space:
  Non-class space:      192.00 MB reserved,     171.00 MB ( 89%) committed,  3 nodes.
      Class space:        1.00 GB reserved,      31.38 MB (  3%) committed,  1 nodes.
             Both:        1.19 GB reserved,     202.38 MB ( 17%) committed. 

Chunk freelists:
   Non-Class:  4.79 MB
       Class:  753.00 KB
        Both:  5.52 MB

MaxMetaspaceSize: unlimited
CompressedClassSpaceSize: 1.00 GB
Initial GC threshold: 21.00 MB
Current GC threshold: 337.31 MB
CDS: on
 - commit_granule_bytes: 65536.
 - commit_granule_words: 8192.
 - virtual_space_node_default_size: 8388608.
 - enlarge_chunks_in_place: 1.
 - use_allocation_guard: 0.


Internal statistics:

num_allocs_failed_limit: 126.
num_arena_births: 3222.
num_arena_deaths: 594.
num_vsnodes_births: 4.
num_vsnodes_deaths: 0.
num_space_committed: 3228.
num_space_uncommitted: 0.
num_chunks_returned_to_freelist: 794.
num_chunks_taken_from_freelist: 12153.
num_chunk_merges: 306.
num_chunk_splits: 7896.
num_chunks_enlarged: 5543.
num_inconsistent_stats: 0.

CodeHeap 'non-profiled nmethods': size=120036Kb used=52685Kb max_used=54906Kb free=67350Kb
 bounds [0x0000749dbc2c7000, 0x0000749dbf8c7000, 0x0000749dc3800000]
CodeHeap 'profiled nmethods': size=120032Kb used=27230Kb max_used=49734Kb free=92801Kb
 bounds [0x0000749db4800000, 0x0000749db78c0000, 0x0000749dbbd38000]
CodeHeap 'non-nmethods': size=5692Kb used=3003Kb max_used=3082Kb free=2688Kb
 bounds [0x0000749dbbd38000, 0x0000749dbc058000, 0x0000749dbc2c7000]
CodeCache: size=245760Kb, used=82918Kb, max_used=107722Kb, free=162839Kb
 total_blobs=19857, nmethods=18018, adapters=1732, full_count=0
Compilation: enabled, stopped_count=0, restarted_count=0

Compilation events (20 events):
Event: 53696.881 Thread 0x0000749dcc0d1be0 75531       3       net.minecraft.world.level.block.FireBlock::getFireTickDelay (23 bytes)
Event: 53696.884 Thread 0x0000749dcc0d1be0 nmethod 75531 0x0000749db49f5310 code [0x0000749db49f54c0, 0x0000749db49f5740]
Event: 53703.281 Thread 0x0000749dcc0d1be0 75532       3       net.minecraft.world.level.material.LavaFluid::beforeDestroyingBlock (7 bytes)
Event: 53703.282 Thread 0x0000749dcc0d1be0 nmethod 75532 0x0000749db50c0890 code [0x0000749db50c0a40, 0x0000749db50c0c80]
Event: 53705.682 Thread 0x0000749dcc0d1be0 75533       3       net.minecraft.world.level.block.FireBlock::isValidFireLocation (53 bytes)
Event: 53705.704 Thread 0x0000749dcc0d1be0 nmethod 75533 0x0000749db6356910 code [0x0000749db6356b20, 0x0000749db6357208]
Event: 53709.689 Thread 0x0000749dcc0d0520 75534       4       org.bukkit.craftbukkit.entity.CraftDolphin::getHandle (5 bytes)
Event: 53709.694 Thread 0x0000749dcc0d0520 nmethod 75534 0x0000749dbd4d5f90 code [0x0000749dbd4d6120, 0x0000749dbd4d61e8]
Event: 53710.782 Thread 0x0000749dcc0d1be0 75535       3       net.minecraft.world.level.portal.PortalShape::isEmpty (33 bytes)
Event: 53710.784 Thread 0x0000749dcc0d1be0 nmethod 75535 0x0000749db5e7e890 code [0x0000749db5e7eaa0, 0x0000749db5e7f568]
Event: 53721.003 Thread 0x0000749dcc0d0520 75536       4       java.nio.HeapByteBuffer::get (64 bytes)
Event: 53721.012 Thread 0x0000749dcc0d0520 nmethod 75536 0x0000749dbd2d3810 code [0x0000749dbd2d39a0, 0x0000749dbd2d3c60]
Event: 53735.639 Thread 0x0000749dcc0d0520 75537       4       net.minecraft.world.entity.animal.fox.Fox$PerchAndSearchGoal::canUse (94 bytes)
Event: 53735.660 Thread 0x0000749dcc0d0520 nmethod 75537 0x0000749dbdf03610 code [0x0000749dbdf03860, 0x0000749dbdf03e70]
Event: 53737.979 Thread 0x0000749dcc0d1be0 75538       3       java.util.regex.Pattern::group0 (1098 bytes)
Event: 53737.995 Thread 0x0000749dcc0d1be0 nmethod 75538 0x0000749db568f990 code [0x0000749db5690220, 0x0000749db5695220]
Event: 53737.995 Thread 0x0000749dcc0d1be0 75539       3       org.jline.terminal.impl.AbstractTerminal::flush (8 bytes)
Event: 53738.000 Thread 0x0000749dcc0d1be0 nmethod 75539 0x0000749db5150d10 code [0x0000749db5150ec0, 0x0000749db51510a0]
Event: 53740.084 Thread 0x0000749dcc0d0520 75540       4       net.minecraft.world.level.block.VineBlock::canSupportAtFace (97 bytes)
Event: 53740.135 Thread 0x0000749dcc0d0520 nmethod 75540 0x0000749dbec6e790 code [0x0000749dbec6eb20, 0x0000749dbec6fff0]

GC Heap History (20 events):
Event: 53609.699 GC heap after
{Heap after GC invocations=1219 (full 0):
 garbage-first heap   total 2916352K, used 984781K [0x0000000200000000, 0x0000000800000000)
  region size 16384K, 12 young (196608K), 12 survivors (196608K)
 Metaspace       used 205312K, committed 207232K, reserved 1245184K
  class space    used 31210K, committed 32128K, reserved 1048576K
}
Event: 53617.126 GC heap before
{Heap before GC invocations=1219 (full 0):
 garbage-first heap   total 2916352K, used 2524877K [0x0000000200000000, 0x0000000800000000)
  region size 16384K, 106 young (1736704K), 12 survivors (196608K)
 Metaspace       used 205313K, committed 207232K, reserved 1245184K
  class space    used 31210K, committed 32128K, reserved 1048576K
}
Event: 53617.282 GC heap after
{Heap after GC invocations=1220 (full 0):
 garbage-first heap   total 2916352K, used 1040384K [0x0000000200000000, 0x0000000800000000)
  region size 16384K, 10 young (163840K), 10 survivors (163840K)
 Metaspace       used 205313K, committed 207232K, reserved 1245184K
  class space    used 31210K, committed 32128K, reserved 1048576K
}
Event: 53623.981 GC heap before
{Heap before GC invocations=1220 (full 0):
 garbage-first heap   total 2916352K, used 2613248K [0x0000000200000000, 0x0000000800000000)
  region size 16384K, 106 young (1736704K), 10 survivors (163840K)
 Metaspace       used 205315K, committed 207232K, reserved 1245184K
  class space    used 31210K, committed 32128K, reserved 1048576K
}
Event: 53624.111 GC heap after
{Heap after GC invocations=1221 (full 0):
 garbage-first heap   total 2916352K, used 1089536K [0x0000000200000000, 0x0000000800000000)
  region size 16384K, 8 young (131072K), 8 survivors (131072K)
 Metaspace       used 205315K, committed 207232K, reserved 1245184K
  class space    used 31210K, committed 32128K, reserved 1048576K
}
Event: 53630.431 GC heap before
{Heap before GC invocations=1222 (full 0):
 garbage-first heap   total 2916352K, used 2695168K [0x0000000200000000, 0x0000000800000000)
  region size 16384K, 106 young (1736704K), 8 survivors (131072K)
 Metaspace       used 205323K, committed 207232K, reserved 1245184K
  class space    used 31210K, committed 32128K, reserved 1048576K
}
Event: 53630.568 GC heap after
{Heap after GC invocations=1223 (full 0):
 garbage-first heap   total 2916352K, used 1146114K [0x0000000200000000, 0x0000000800000000)
  region size 16384K, 7 young (114688K), 7 survivors (114688K)
 Metaspace       used 205323K, committed 207232K, reserved 1245184K
  class space    used 31210K, committed 32128K, reserved 1048576K
}
Event: 53635.931 GC heap before
{Heap before GC invocations=1223 (full 0):
 garbage-first heap   total 2916352K, used 2735362K [0x0000000200000000, 0x0000000800000000)
  region size 16384K, 104 young (1703936K), 7 survivors (114688K)
 Metaspace       used 205323K, committed 207232K, reserved 1245184K
  class space    used 31210K, committed 32128K, reserved 1048576K
}
Event: 53636.042 GC heap after
{Heap after GC invocations=1224 (full 0):
 garbage-first heap   total 2916352K, used 1077533K [0x0000000200000000, 0x0000000800000000)
  region size 16384K, 7 young (114688K), 7 survivors (114688K)
 Metaspace       used 205323K, committed 207232K, reserved 1245184K
  class space    used 31210K, committed 32128K, reserved 1048576K
}
Event: 53641.381 GC heap before
{Heap before GC invocations=1224 (full 0):
 garbage-first heap   total 2916352K, used 2699549K [0x0000000200000000, 0x0000000800000000)
  region size 16384K, 106 young (1736704K), 7 survivors (114688K)
 Metaspace       used 205324K, committed 207232K, reserved 1245184K
  class space    used 31210K, committed 32128K, reserved 1048576K
}
Event: 53641.504 GC heap after
{Heap after GC invocations=1225 (full 0):
 garbage-first heap   total 2916352K, used 1086958K [0x0000000200000000, 0x0000000800000000)
  region size 16384K, 10 young (163840K), 10 survivors (163840K)
 Metaspace       used 205324K, committed 207232K, reserved 1245184K
  class space    used 31210K, committed 32128K, reserved 1048576K
}
Event: 53645.263 GC heap before
{Heap before GC invocations=1225 (full 0):
 garbage-first heap   total 2916352K, used 2479598K [0x0000000200000000, 0x0000000800000000)
  region size 16384K, 95 young (1556480K), 10 survivors (163840K)
 Metaspace       used 205329K, committed 207232K, reserved 1245184K
  class space    used 31210K, committed 32128K, reserved 1048576K
}
Event: 53645.419 GC heap after
{Heap after GC invocations=1226 (full 0):
 garbage-first heap   total 3506176K, used 1135597K [0x0000000200000000, 0x0000000800000000)
  region size 16384K, 8 young (131072K), 8 survivors (131072K)
 Metaspace       used 205329K, committed 207232K, reserved 1245184K
  class space    used 31210K, committed 32128K, reserved 1048576K
}
Event: 53657.586 GC heap before
{Heap before GC invocations=1226 (full 0):
 garbage-first heap   total 3506176K, used 3101677K [0x0000000200000000, 0x0000000800000000)
  region size 16384K, 128 young (2097152K), 8 survivors (131072K)
 Metaspace       used 205329K, committed 207232K, reserved 1245184K
  class space    used 31210K, committed 32128K, reserved 1048576K
}
Event: 53658.671 GC heap after
{Heap after GC invocations=1227 (full 0):
 garbage-first heap   total 3506176K, used 1171456K [0x0000000200000000, 0x0000000800000000)
  region size 16384K, 10 young (163840K), 10 survivors (163840K)
 Metaspace       used 205329K, committed 207232K, reserved 1245184K
  class space    used 31210K, committed 32128K, reserved 1048576K
}
Event: 53670.878 GC heap before
{Heap before GC invocations=1227 (full 0):
 garbage-first heap   total 3506176K, used 3104768K [0x0000000200000000, 0x0000000800000000)
  region size 16384K, 128 young (2097152K), 10 survivors (163840K)
 Metaspace       used 205333K, committed 207232K, reserved 1245184K
  class space    used 31210K, committed 32128K, reserved 1048576K
}
Event: 53671.254 GC heap after
{Heap after GC invocations=1228 (full 0):
 garbage-first heap   total 3506176K, used 1223234K [0x0000000200000000, 0x0000000800000000)
  region size 16384K, 10 young (163840K), 10 survivors (163840K)
 Metaspace       used 205333K, committed 207232K, reserved 1245184K
  class space    used 31210K, committed 32128K, reserved 1048576K
}
Event: 53671.277 GC heap before
{Heap before GC invocations=1228 (full 0):
 garbage-first heap   total 3506176K, used 1239618K [0x0000000200000000, 0x0000000800000000)
  region size 16384K, 11 young (180224K), 10 survivors (163840K)
 Metaspace       used 205333K, committed 207232K, reserved 1245184K
  class space    used 31210K, committed 32128K, reserved 1048576K
}
Event: 53671.572 GC heap after
{Heap after GC invocations=1229 (full 0):
 garbage-first heap   total 3506176K, used 1245184K [0x0000000200000000, 0x0000000800000000)
  region size 16384K, 1 young (16384K), 1 survivors (16384K)
 Metaspace       used 205333K, committed 207232K, reserved 1245184K
  class space    used 31210K, committed 32128K, reserved 1048576K
}
Event: 53742.581 GC heap before
{Heap before GC invocations=1229 (full 0):
 garbage-first heap   total 3506176K, used 3309568K [0x0000000200000000, 0x0000000800000000)
  region size 16384K, 127 young (2080768K), 1 survivors (16384K)
 Metaspace       used 205339K, committed 207232K, reserved 1245184K
  class space    used 31210K, committed 32128K, reserved 1048576K
}

Dll operation events (20 events):
Event: 0.028 Loaded shared library /usr/lib/jvm/java-21-openjdk-amd64/lib/libjava.so
Event: 0.144 Loaded shared library /usr/lib/jvm/java-21-openjdk-amd64/lib/libjsvml.so
Event: 0.153 Loaded shared library /usr/lib/jvm/java-21-openjdk-amd64/lib/libnio.so
Event: 0.159 Loaded shared library /usr/lib/jvm/java-21-openjdk-amd64/lib/libzip.so
Event: 0.181 Loaded shared library /usr/lib/jvm/java-21-openjdk-amd64/lib/libjimage.so
Event: 0.274 Loaded shared library /usr/lib/jvm/java-21-openjdk-amd64/lib/libnet.so
Event: 2.093 Loaded shared library /usr/lib/jvm/java-21-openjdk-amd64/lib/libmanagement.so
Event: 2.096 Loaded shared library /usr/lib/jvm/java-21-openjdk-amd64/lib/libmanagement_ext.so
Event: 2.465 Loaded shared library /tmp/jlinenative-3.27.1-fefab4c9dacc63f1-libjlinenative.so
Event: 2.723 Loaded shared library /usr/lib/jvm/java-21-openjdk-amd64/lib/libverify.so
Event: 2.967 Loaded shared library /home/betty/.cache/JNA/temp/jna10985144367307914711.tmp
Event: 12.278 Loaded shared library /usr/lib/jvm/java-21-openjdk-amd64/lib/libjaas.so
Event: 12.288 Loaded shared library /usr/lib/jvm/java-21-openjdk-amd64/lib/libawt.so
Event: 12.292 Loaded shared library /usr/lib/jvm/java-21-openjdk-amd64/lib/libawt_headless.so
Event: 12.738 Loaded shared library /usr/lib/jvm/java-21-openjdk-amd64/lib/libextnet.so
Event: 18.651 Loaded shared library /tmp/libnetty_transport_native_epoll_x86_648374635058300872125.so
Event: 18.689 Loaded shared library /tmp/native-5090402603300605286.so
Event: 18.697 Loaded shared library /tmp/native-18361740153494548601.so
Event: 25.137 Loaded shared library /tmp/sqlite-3.49.1.0-2f90824c-5da5-4e4c-9308-8f47a5b8b0e4-libsqlitejdbc.so
Event: 30.331 Loaded shared library /home/betty/plugins/spark/tmp/spark-e617846f82f57-libasyncProfiler.so.tmp

Deoptimization events (20 events):
Event: 53665.527 Thread 0x0000749d14b836d0 Uncommon trap: trap_request=0xffffffde fr.pc=0x0000749dbe98a060 relative=0x0000000000001880
Event: 53665.527 Thread 0x0000749d14b836d0 Uncommon trap: reason=class_check action=maybe_recompile pc=0x0000749dbe98a060 method=net.minecraft.world.level.chunk.status.ChunkStatusTasks.isLighted(Lnet/minecraft/world/level/chunk/ChunkAccess;)Z @ 14 c2
Event: 53665.527 Thread 0x0000749d14b836d0 DEOPT PACKING pc=0x0000749dbe98a060 sp=0x0000749d3d4037f0
Event: 53665.527 Thread 0x0000749d14b836d0 DEOPT UNPACKING pc=0x0000749dbbd8bf99 sp=0x0000749d3d403680 mode 2
Event: 53668.896 Thread 0x0000749d14b836d0 Uncommon trap: trap_request=0xffffffde fr.pc=0x0000749dbe98a060 relative=0x0000000000001880
Event: 53668.896 Thread 0x0000749d14b836d0 Uncommon trap: reason=class_check action=maybe_recompile pc=0x0000749dbe98a060 method=net.minecraft.world.level.chunk.status.ChunkStatusTasks.isLighted(Lnet/minecraft/world/level/chunk/ChunkAccess;)Z @ 14 c2
Event: 53668.896 Thread 0x0000749d14b836d0 DEOPT PACKING pc=0x0000749dbe98a060 sp=0x0000749d3d4037f0
Event: 53668.897 Thread 0x0000749d14b836d0 DEOPT UNPACKING pc=0x0000749dbbd8bf99 sp=0x0000749d3d403680 mode 2
Event: 53669.478 Thread 0x0000749d14b836d0 Uncommon trap: trap_request=0xffffffde fr.pc=0x0000749dbefbbcb4 relative=0x00000000000003d4
Event: 53669.478 Thread 0x0000749d14b836d0 Uncommon trap: reason=class_check action=maybe_recompile pc=0x0000749dbefbbcb4 method=net.minecraft.world.level.chunk.status.ChunkStatusTasks.isLighted(Lnet/minecraft/world/level/chunk/ChunkAccess;)Z @ 14 c2
Event: 53669.478 Thread 0x0000749d14b836d0 DEOPT PACKING pc=0x0000749dbefbbcb4 sp=0x0000749d3d403720
Event: 53669.478 Thread 0x0000749d14b836d0 DEOPT UNPACKING pc=0x0000749dbbd8bf99 sp=0x0000749d3d403680 mode 2
Event: 53673.206 Thread 0x0000749d14b836d0 Uncommon trap: trap_request=0xffffff45 fr.pc=0x0000749dbf5c4454 relative=0x00000000000009d4
Event: 53673.206 Thread 0x0000749d14b836d0 Uncommon trap: reason=unstable_if action=reinterpret pc=0x0000749dbf5c4454 method=net.minecraft.world.level.levelgen.structure.StructurePiece.isInterior(Lnet/minecraft/world/level/LevelReader;IIILnet/minecraft/world/level/levelgen/structure/BoundingBox;)Z
Event: 53673.206 Thread 0x0000749d14b836d0 DEOPT PACKING pc=0x0000749dbf5c4454 sp=0x0000749d3d403290
Event: 53673.206 Thread 0x0000749d14b836d0 DEOPT UNPACKING pc=0x0000749dbbd8bf99 sp=0x0000749d3d403240 mode 2
Event: 53686.132 Thread 0x0000749d23004280 Uncommon trap: trap_request=0xffffff45 fr.pc=0x0000749dbf718cc0 relative=0x0000000000001be0
Event: 53686.132 Thread 0x0000749d23004280 Uncommon trap: reason=unstable_if action=reinterpret pc=0x0000749dbf718cc0 method=net.minecraft.world.level.block.LiquidBlock.getFlowSpeed(Lnet/minecraft/world/level/Level;Lnet/minecraft/core/BlockPos;)I @ 53 c2
Event: 53686.132 Thread 0x0000749d23004280 DEOPT PACKING pc=0x0000749dbf718cc0 sp=0x0000749d3d8031a0
Event: 53686.132 Thread 0x0000749d23004280 DEOPT UNPACKING pc=0x0000749dbbd8bf99 sp=0x0000749d3d803178 mode 2

Classes loaded (20 events):
Event: 333.096 Loading class java/util/PriorityQueue$PriorityQueueSpliterator
Event: 333.096 Loading class java/util/PriorityQueue$PriorityQueueSpliterator done
Event: 377.151 Loading class java/lang/FdLibm$Atan2
Event: 377.152 Loading class java/lang/FdLibm$Atan2 done
Event: 377.152 Loading class java/lang/FdLibm$Atan
Event: 377.152 Loading class java/lang/FdLibm$Atan done
Event: 387.263 Loading class java/util/function/ObjLongConsumer
Event: 387.263 Loading class java/util/function/ObjLongConsumer done
Event: 387.264 Loading class java/util/stream/ReduceOps$12
Event: 387.264 Loading class java/util/stream/ReduceOps$12 done
Event: 387.264 Loading class java/util/stream/ReduceOps$10ReducingSink
Event: 387.265 Loading class java/util/stream/ReduceOps$10ReducingSink done
Event: 1809.916 Loading class java/util/stream/SpinedBuffer$1Splitr
Event: 1809.919 Loading class java/util/stream/SpinedBuffer$1Splitr done
Event: 3220.639 Loading class java/lang/FdLibm$Acos
Event: 3220.639 Loading class java/lang/FdLibm$Acos done
Event: 3959.929 Loading class java/util/DualPivotQuicksort$Sorter
Event: 3959.931 Loading class java/util/DualPivotQuicksort$Sorter done
Event: 53317.577 Loading class java/lang/FdLibm$Log1p
Event: 53317.578 Loading class java/lang/FdLibm$Log1p done

Classes unloaded (20 events):
Event: 31119.206 Thread 0x0000749dcc0c0150 Unloading class 0x0000749d41f41c00 'java/lang/invoke/LambdaForm$MH+0x0000749d41f41c00'
Event: 31119.206 Thread 0x0000749dcc0c0150 Unloading class 0x0000749d41f41800 'java/lang/invoke/LambdaForm$MH+0x0000749d41f41800'
Event: 31119.206 Thread 0x0000749dcc0c0150 Unloading class 0x0000749d41f41400 'java/lang/invoke/LambdaForm$MH+0x0000749d41f41400'
Event: 31119.206 Thread 0x0000749dcc0c0150 Unloading class 0x0000749d41f41000 'java/lang/invoke/LambdaForm$MH+0x0000749d41f41000'
Event: 31119.206 Thread 0x0000749dcc0c0150 Unloading class 0x0000749d41cd5c00 'java/lang/invoke/LambdaForm$MH+0x0000749d41cd5c00'
Event: 31119.206 Thread 0x0000749dcc0c0150 Unloading class 0x0000749d41cd4800 'java/lang/invoke/LambdaForm$MH+0x0000749d41cd4800'
Event: 31119.206 Thread 0x0000749dcc0c0150 Unloading class 0x0000749d41cd4400 'java/lang/invoke/LambdaForm$MH+0x0000749d41cd4400'
Event: 31119.206 Thread 0x0000749dcc0c0150 Unloading class 0x0000749d41cd4000 'java/lang/invoke/LambdaForm$MH+0x0000749d41cd4000'
Event: 31119.206 Thread 0x0000749dcc0c0150 Unloading class 0x0000749d41cd3c00 'java/lang/invoke/LambdaForm$MH+0x0000749d41cd3c00'
Event: 31119.206 Thread 0x0000749dcc0c0150 Unloading class 0x0000749d40fca400 'java/lang/invoke/LambdaForm$BMH+0x0000749d40fca400'
Event: 31119.206 Thread 0x0000749dcc0c0150 Unloading class 0x0000749d40fc8c00 'java/lang/invoke/LambdaForm$MH+0x0000749d40fc8c00'
Event: 31119.206 Thread 0x0000749dcc0c0150 Unloading class 0x0000749d40fc8800 'java/lang/invoke/LambdaForm$MH+0x0000749d40fc8800'
Event: 31119.207 Thread 0x0000749dcc0c0150 Unloading class 0x0000749d40ced000 'java/lang/invoke/LambdaForm$MH+0x0000749d40ced000'
Event: 31119.207 Thread 0x0000749dcc0c0150 Unloading class 0x0000749d40cecc00 'java/lang/invoke/LambdaForm$MH+0x0000749d40cecc00'
Event: 31119.207 Thread 0x0000749dcc0c0150 Unloading class 0x0000749d40711400 'java/lang/invoke/LambdaForm$MH+0x0000749d40711400'
Event: 31119.207 Thread 0x0000749dcc0c0150 Unloading class 0x0000749d40711000 'java/lang/invoke/LambdaForm$MH+0x0000749d40711000'
Event: 31119.207 Thread 0x0000749dcc0c0150 Unloading class 0x0000749d40368c00 'java/lang/invoke/LambdaForm$MH+0x0000749d40368c00'
Event: 31119.207 Thread 0x0000749dcc0c0150 Unloading class 0x0000749d40368800 'java/lang/invoke/LambdaForm$MH+0x0000749d40368800'
Event: 31119.207 Thread 0x0000749dcc0c0150 Unloading class 0x0000749d401ab800 'java/lang/invoke/LambdaForm$MH+0x0000749d401ab800'
Event: 31119.207 Thread 0x0000749dcc0c0150 Unloading class 0x0000749d40139000 'java/lang/invoke/LambdaForm$MH+0x0000749d40139000'

Classes redefined (0 events):
No events

Internal exceptions (20 events):
Event: 53739.046 Thread 0x0000749d165f4040 Exception <a 'sun/nio/fs/UnixException'{0x000000025a1b73f0}> (0x000000025a1b73f0) 
thrown [./src/hotspot/share/prims/jni.cpp, line 520]
Event: 53739.046 Thread 0x0000749d165f4040 Exception <a 'sun/nio/fs/UnixException'{0x000000025a1b81d8}> (0x000000025a1b81d8) 
thrown [./src/hotspot/share/prims/jni.cpp, line 520]
Event: 53740.045 Thread 0x0000749d165f4040 Exception <a 'sun/nio/fs/UnixException'{0x000000025a1bb4b8}> (0x000000025a1bb4b8) 
thrown [./src/hotspot/share/prims/jni.cpp, line 520]
Event: 53740.045 Thread 0x0000749d165f4040 Exception <a 'sun/nio/fs/UnixException'{0x000000025a1bc2a0}> (0x000000025a1bc2a0) 
thrown [./src/hotspot/share/prims/jni.cpp, line 520]
Event: 53740.045 Thread 0x0000749d165f4040 Exception <a 'sun/nio/fs/UnixException'{0x0000000259346fa8}> (0x0000000259346fa8) 
thrown [./src/hotspot/share/prims/jni.cpp, line 520]
Event: 53740.046 Thread 0x0000749d165f4040 Exception <a 'sun/nio/fs/UnixException'{0x0000000259349118}> (0x0000000259349118) 
thrown [./src/hotspot/share/prims/jni.cpp, line 520]
Event: 53740.046 Thread 0x0000749d165f4040 Exception <a 'sun/nio/fs/UnixException'{0x0000000259356238}> (0x0000000259356238) 
thrown [./src/hotspot/share/prims/jni.cpp, line 520]
Event: 53740.046 Thread 0x0000749d165f4040 Exception <a 'sun/nio/fs/UnixException'{0x0000000259357020}> (0x0000000259357020) 
thrown [./src/hotspot/share/prims/jni.cpp, line 520]
Event: 53741.045 Thread 0x0000749d165f4040 Exception <a 'sun/nio/fs/UnixException'{0x00000002585ab488}> (0x00000002585ab488) 
thrown [./src/hotspot/share/prims/jni.cpp, line 520]
Event: 53741.045 Thread 0x0000749d165f4040 Exception <a 'sun/nio/fs/UnixException'{0x00000002585b0540}> (0x00000002585b0540) 
thrown [./src/hotspot/share/prims/jni.cpp, line 520]
Event: 53741.045 Thread 0x0000749d165f4040 Exception <a 'sun/nio/fs/UnixException'{0x00000002585b1328}> (0x00000002585b1328) 
thrown [./src/hotspot/share/prims/jni.cpp, line 520]
Event: 53741.046 Thread 0x0000749d165f4040 Exception <a 'sun/nio/fs/UnixException'{0x00000002585bb790}> (0x00000002585bb790) 
thrown [./src/hotspot/share/prims/jni.cpp, line 520]
Event: 53741.046 Thread 0x0000749d165f4040 Exception <a 'sun/nio/fs/UnixException'{0x00000002585c07e0}> (0x00000002585c07e0) 
thrown [./src/hotspot/share/prims/jni.cpp, line 520]
Event: 53741.046 Thread 0x0000749d165f4040 Exception <a 'sun/nio/fs/UnixException'{0x00000002585c15c8}> (0x00000002585c15c8) 
thrown [./src/hotspot/share/prims/jni.cpp, line 520]
Event: 53742.045 Thread 0x0000749d165f4040 Exception <a 'sun/nio/fs/UnixException'{0x0000000257808d58}> (0x0000000257808d58) 
thrown [./src/hotspot/share/prims/jni.cpp, line 520]
Event: 53742.045 Thread 0x0000749d165f4040 Exception <a 'sun/nio/fs/UnixException'{0x000000025780dda8}> (0x000000025780dda8) 
thrown [./src/hotspot/share/prims/jni.cpp, line 520]
Event: 53742.045 Thread 0x0000749d165f4040 Exception <a 'sun/nio/fs/UnixException'{0x000000025780eb90}> (0x000000025780eb90) 
thrown [./src/hotspot/share/prims/jni.cpp, line 520]
Event: 53742.046 Thread 0x0000749d165f4040 Exception <a 'sun/nio/fs/UnixException'{0x000000025781d130}> (0x000000025781d130) 
thrown [./src/hotspot/share/prims/jni.cpp, line 520]
Event: 53742.046 Thread 0x0000749d165f4040 Exception <a 'sun/nio/fs/UnixException'{0x000000025781df18}> (0x000000025781df18) 
thrown [./src/hotspot/share/prims/jni.cpp, line 520]
Event: 53742.046 Thread 0x0000749d165f4040 Exception <a 'sun/nio/fs/UnixException'{0x000000025781ed00}> (0x000000025781ed00) 
thrown [./src/hotspot/share/prims/jni.cpp, line 520]

ZGC Phase Switch (0 events):
No events

VM Operations (20 events):
Event: 53679.575 Executing VM operation: Cleanup done
Event: 53680.575 Executing VM operation: Cleanup
Event: 53680.576 Executing VM operation: Cleanup done
Event: 53681.576 Executing VM operation: Cleanup
Event: 53681.576 Executing VM operation: Cleanup done
Event: 53682.576 Executing VM operation: Cleanup
Event: 53682.576 Executing VM operation: Cleanup done
Event: 53687.576 Executing VM operation: Cleanup
Event: 53687.577 Executing VM operation: Cleanup done
Event: 53704.579 Executing VM operation: Cleanup
Event: 53704.579 Executing VM operation: Cleanup done
Event: 53721.581 Executing VM operation: Cleanup
Event: 53721.581 Executing VM operation: Cleanup done
Event: 53729.030 Executing VM operation: HandshakeAllThreads (HandshakeForDeflation)
Event: 53729.030 Executing VM operation: HandshakeAllThreads (HandshakeForDeflation) done
Event: 53729.030 Executing VM operation: RendezvousGCThreads
Event: 53729.030 Executing VM operation: RendezvousGCThreads done
Event: 53738.031 Executing VM operation: Cleanup
Event: 53738.031 Executing VM operation: Cleanup done
Event: 53742.581 Executing VM operation: G1CollectForAllocation (G1 Evacuation Pause)

Memory protections (20 events):
Event: 53430.748 Protecting memory [0x0000749d0e3ff000,0x0000749d0e403000] with protection modes 0
Event: 53461.453 Protecting memory [0x0000749d3d605000,0x0000749d3d609000] with protection modes 0
Event: 53466.032 Protecting memory [0x0000749d3d605000,0x0000749d3d609000] with protection modes 0
Event: 53478.143 Protecting memory [0x0000749d07eff000,0x0000749d07f03000] with protection modes 0
Event: 53490.785 Protecting memory [0x0000749d0e3ff000,0x0000749d0e403000] with protection modes 0
Event: 53550.715 Protecting memory [0x0000749d0e3ff000,0x0000749d0e403000] with protection modes 0
Event: 53578.032 Protecting memory [0x0000749d082ff000,0x0000749d08303000] with protection modes 0
Event: 53587.034 Protecting memory [0x0000749d07fff000,0x0000749d08003000] with protection modes 0
Event: 53610.710 Protecting memory [0x0000749d0e3ff000,0x0000749d0e403000] with protection modes 0
Event: 53625.034 Protecting memory [0x0000749d3d905000,0x0000749d3d909000] with protection modes 0
Event: 53630.035 Protecting memory [0x0000749d0fa00000,0x0000749d0fa04000] with protection modes 0
Event: 53653.241 Protecting memory [0x0000749d0fe00000,0x0000749d0fe04000] with protection modes 0
Event: 53665.300 Protecting memory [0x0000749d0fb00000,0x0000749d0fb04000] with protection modes 0
Event: 53670.804 Protecting memory [0x0000749d0e3ff000,0x0000749d0e403000] with protection modes 0
Event: 53718.634 Protecting memory [0x0000749d089ff000,0x0000749d08a03000] with protection modes 0
Event: 53721.017 Protecting memory [0x0000749d3c4fe000,0x0000749d3c502000] with protection modes 0
Event: 53730.716 Protecting memory [0x0000749d0e3ff000,0x0000749d0e403000] with protection modes 0
Event: 53737.905 Protecting memory [0x0000749d3c4fe000,0x0000749d3c502000] with protection modes 0
Event: 53737.913 Protecting memory [0x0000749d0fa00000,0x0000749d0fa04000] with protection modes 0
Event: 53738.632 Protecting memory [0x0000749d0f800000,0x0000749d0f804000] with protection modes 0

Nmethod flushes (20 events):
Event: 53625.238 Thread 0x0000749dcc0c0150 flushing  nmethod 0x0000749db7286090
Event: 53625.238 Thread 0x0000749dcc0c0150 flushing  nmethod 0x0000749db7286b90
Event: 53625.238 Thread 0x0000749dcc0c0150 flushing  nmethod 0x0000749db7288b10
Event: 53625.238 Thread 0x0000749dcc0c0150 flushing  nmethod 0x0000749db7289410
Event: 53625.238 Thread 0x0000749dcc0c0150 flushing  nmethod 0x0000749db7289c90
Event: 53625.238 Thread 0x0000749dcc0c0150 flushing  nmethod 0x0000749db728a190
Event: 53625.238 Thread 0x0000749dcc0c0150 flushing  nmethod 0x0000749db728b110
Event: 53625.238 Thread 0x0000749dcc0c0150 flushing  nmethod 0x0000749db728c310
Event: 53625.238 Thread 0x0000749dcc0c0150 flushing  nmethod 0x0000749db734fb10
Event: 53625.238 Thread 0x0000749dcc0c0150 flushing  nmethod 0x0000749db736c890
Event: 53625.238 Thread 0x0000749dcc0c0150 flushing  nmethod 0x0000749db736eb10
Event: 53625.238 Thread 0x0000749dcc0c0150 flushing  nmethod 0x0000749db736f190
Event: 53625.238 Thread 0x0000749dcc0c0150 flushing  nmethod 0x0000749db73bd710
Event: 53625.238 Thread 0x0000749dcc0c0150 flushing  nmethod 0x0000749db74d7190
Event: 53625.238 Thread 0x0000749dcc0c0150 flushing  nmethod 0x0000749db74d7510
Event: 53625.238 Thread 0x0000749dcc0c0150 flushing  nmethod 0x0000749db7568e90
Event: 53625.238 Thread 0x0000749dcc0c0150 flushing  nmethod 0x0000749db7569a10
Event: 53625.238 Thread 0x0000749dcc0c0150 flushing  nmethod 0x0000749db756b290
Event: 53625.238 Thread 0x0000749dcc0c0150 flushing  nmethod 0x0000749db75ae210
Event: 53625.238 Thread 0x0000749dcc0c0150 flushing  nmethod 0x0000749db784f290

Events (20 events):
Event: 53617.034 Thread 0x0000749d28081510 Thread exited: 0x0000749d28081510
Event: 53617.035 Thread 0x0000749d280823f0 Thread exited: 0x0000749d280823f0
Event: 53625.034 Thread 0x0000749d00f1c0a0 Thread added: 0x0000749d28083be0
Event: 53630.034 Thread 0x0000749d00f1c0a0 Thread added: 0x0000749d28081510
Event: 53653.239 Thread 0x0000749d00f1c0a0 Thread added: 0x0000749d28071740
Event: 53665.300 Thread 0x0000749d00f1c0a0 Thread added: 0x0000749d2807e910
Event: 53670.707 Thread 0x0000749dcc3bb180 Thread exited: 0x0000749dcc3bb180
Event: 53670.804 Thread 0x0000749d00d6f880 Thread added: 0x0000749dcc4787d0
Event: 53695.302 Thread 0x0000749d28094990 Thread exited: 0x0000749d28094990
Event: 53711.633 Thread 0x0000749d28081510 Thread exited: 0x0000749d28081510
Event: 53711.633 Thread 0x0000749d28094250 Thread exited: 0x0000749d28094250
Event: 53711.634 Thread 0x0000749d2809cf60 Thread exited: 0x0000749d2809cf60
Event: 53718.634 Thread 0x0000749d00f1c0a0 Thread added: 0x0000749d28094990
Event: 53721.017 Thread 0x0000749d141cc980 Thread added: 0x0000749d8c013850
Event: 53721.017 Thread 0x0000749d8c013850 Thread exited: 0x0000749d8c013850
Event: 53730.694 Thread 0x0000749dcc4787d0 Thread exited: 0x0000749dcc4787d0
Event: 53730.715 Thread 0x0000749d00d6f880 Thread added: 0x0000749dcc3bb180
Event: 53737.905 Thread 0x0000749d149eb610 Thread added: 0x0000749d8818d040
Event: 53737.912 Thread 0x0000749d8818d040 Thread added: 0x0000749d240293b0
Event: 53738.632 Thread 0x0000749d00f1c0a0 Thread added: 0x0000749d28094250


Dynamic libraries:
200000000-2cd000000 rw-p 00000000 00:00 0 
2cd000000-45c000000 ---p 00000000 00:00 0 
45c000000-7f2000000 ---p 00000000 00:00 0 
7f2000000-7f6000000 rw-p 00000000 00:00 0 
7f6000000-7fb000000 ---p 00000000 00:00 0 
7fb000000-7ff000000 rw-p 00000000 00:00 0 
7ff000000-7ff10d000 rw-p 00cdf000 fd:01 1036737                          /usr/lib/jvm/java-21-openjdk-amd64/lib/server/classes.jsa
7ff10d000-800000000 rw-p 00000000 00:00 0 
604c80191000-604c80192000 r--p 00000000 fd:01 1036664                    /usr/lib/jvm/java-21-openjdk-amd64/bin/java
604c80192000-604c80193000 r-xp 00001000 fd:01 1036664                    /usr/lib/jvm/java-21-openjdk-amd64/bin/java
604c80193000-604c80194000 r--p 00002000 fd:01 1036664                    /usr/lib/jvm/java-21-openjdk-amd64/bin/java
604c80194000-604c80195000 r--p 00002000 fd:01 1036664                    /usr/lib/jvm/java-21-openjdk-amd64/bin/java
604c80195000-604c80196000 rw-p 00003000 fd:01 1036664                    /usr/lib/jvm/java-21-openjdk-amd64/bin/java
604cb2ba3000-604cb365a000 rw-p 00000000 00:00 0                          [heap]
749d00000000-749d02755000 rw-p 00000000 00:00 0 
749d02755000-749d04000000 ---p 00000000 00:00 0 
749d078ff000-749d07903000 ---p 00000000 00:00 0 
749d07903000-749d079ff000 rw-p 00000000 00:00 0 
749d079ff000-749d07a03000 ---p 00000000 00:00 0 
749d07a03000-749d07aff000 rw-p 00000000 00:00 0 
749d07aff000-749d07b03000 ---p 00000000 00:00 0 
749d07b03000-749d07bff000 rw-p 00000000 00:00 0 
749d07bff000-749d07c03000 ---p 00000000 00:00 0 
749d07c03000-749d07cff000 rw-p 00000000 00:00 0 
749d07cff000-749d07d03000 ---p 00000000 00:00 0 
749d07d03000-749d07dff000 rw-p 00000000 00:00 0 
749d07dff000-749d07e03000 ---p 00000000 00:00 0 
749d07e03000-749d07eff000 rw-p 00000000 00:00 0 
749d07eff000-749d07f03000 ---p 00000000 00:00 0 
749d07f03000-749d07fff000 rw-p 00000000 00:00 0 
749d07fff000-749d08003000 ---p 00000000 00:00 0 
749d08003000-749d080ff000 rw-p 00000000 00:00 0 
749d080ff000-749d08103000 ---p 00000000 00:00 0 
749d08103000-749d081ff000 rw-p 00000000 00:00 0 
749d081ff000-749d08203000 ---p 00000000 00:00 0 
749d08203000-749d082ff000 rw-p 00000000 00:00 0 
749d082ff000-749d08303000 ---p 00000000 00:00 0 
749d08303000-749d083ff000 rw-p 00000000 00:00 0 
749d083ff000-749d08403000 ---p 00000000 00:00 0 
749d08403000-749d084ff000 rw-p 00000000 00:00 0 
749d084ff000-749d08503000 ---p 00000000 00:00 0 
749d08503000-749d085ff000 rw-p 00000000 00:00 0 
749d085ff000-749d08603000 ---p 00000000 00:00 0 
749d08603000-749d086ff000 rw-p 00000000 00:00 0 
749d086ff000-749d08703000 ---p 00000000 00:00 0 
749d08703000-749d087ff000 rw-p 00000000 00:00 0 
749d087ff000-749d08803000 ---p 00000000 00:00 0 
749d08803000-749d088ff000 rw-p 00000000 00:00 0 
749d088ff000-749d08903000 ---p 00000000 00:00 0 
749d08903000-749d089ff000 rw-p 00000000 00:00 0 
749d089ff000-749d08a03000 ---p 00000000 00:00 0 
749d08a03000-749d08aff000 rw-p 00000000 00:00 0 
749d08aff000-749d08b03000 ---p 00000000 00:00 0 
749d08b03000-749d08bff000 rw-p 00000000 00:00 0 
749d08bff000-749d08c03000 ---p 00000000 00:00 0 
749d08c03000-749d08cff000 rw-p 00000000 00:00 0 
749d08cff000-749d08d03000 ---p 00000000 00:00 0 
749d08d03000-749d08dff000 rw-p 00000000 00:00 0 
749d08dff000-749d08e03000 ---p 00000000 00:00 0 
749d08e03000-749d08eff000 rw-p 00000000 00:00 0 
749d08eff000-749d08f03000 ---p 00000000 00:00 0 
749d08f03000-749d08fff000 rw-p 00000000 00:00 0 
749d08fff000-749d09000000 ---p 00000000 00:00 0 
749d09000000-749d09800000 rw-p 00000000 00:00 0 
749d09800000-749d0a900000 rw-p 00000000 00:00 0 
749d0a900000-749d0aa00000 rw-p 00000000 00:00 0 
749d0aa00000-749d0ad00000 rw-p 00000000 00:00 0 
749d0ad00000-749d0ae00000 rw-p 00000000 00:00 0 
749d0ae00000-749d0bf80000 rw-p 00000000 00:00 0 
749d0bf80000-749d0c000000 rw-p 00000000 00:00 0 
749d0c000000-749d0c700000 rw-p 00000000 00:00 0 
749d0c700000-749d0c7c0000 rw-p 00000000 00:00 0 
749d0c7c0000-749d0c800000 ---p 00000000 00:00 0 
749d0c800000-749d0cb40000 rw-p 00000000 00:00 0 
749d0cb40000-749d0e000000 ---p 00000000 00:00 0 
749d0e0ff000-749d0e103000 ---p 00000000 00:00 0 
749d0e103000-749d0e1ff000 rw-p 00000000 00:00 0 
749d0e1ff000-749d0e203000 ---p 00000000 00:00 0 
749d0e203000-749d0e2ff000 rw-p 00000000 00:00 0 
749d0e2ff000-749d0e303000 ---p 00000000 00:00 0 
749d0e303000-749d0e3ff000 rw-p 00000000 00:00 0 
749d0e3ff000-749d0e403000 ---p 00000000 00:00 0 
749d0e403000-749d0e4ff000 rw-p 00000000 00:00 0 
749d0e4ff000-749d0e700000 rw-p 00000000 00:00 0 
749d0e700000-749d0e704000 ---p 00000000 00:00 0 
749d0e704000-749d0e800000 rw-p 00000000 00:00 0 
749d0e800000-749d0e804000 ---p 00000000 00:00 0 
749d0e804000-749d0e900000 rw-p 00000000 00:00 0 
749d0e900000-749d0e904000 ---p 00000000 00:00 0 
749d0e904000-749d0ea00000 rw-p 00000000 00:00 0 
749d0ea00000-749d0ea04000 ---p 00000000 00:00 0 
749d0ea04000-749d0eb00000 rw-p 00000000 00:00 0 
749d0eb00000-749d0eb04000 ---p 00000000 00:00 0 
749d0eb04000-749d0ec00000 rw-p 00000000 00:00 0 
749d0ec00000-749d0ec04000 ---p 00000000 00:00 0 
749d0ec04000-749d0ed00000 rw-p 00000000 00:00 0 
749d0ed00000-749d0ed04000 ---p 00000000 00:00 0 
749d0ed04000-749d0ee00000 rw-p 00000000 00:00 0 
749d0ee00000-749d0ee04000 ---p 00000000 00:00 0 
749d0ee04000-749d0ef00000 rw-p 00000000 00:00 0 
749d0ef00000-749d0ef04000 ---p 00000000 00:00 0 
749d0ef04000-749d0f000000 rw-p 00000000 00:00 0 
749d0f000000-749d0f0fe000 r-xp 00000000 00:26 85155                      /tmp/sqlite-3.49.1.0-2f90824c-5da5-4e4c-9308-8f47a5b8b0e4-libsqlitejdbc.so
749d0f0fe000-749d0f2fe000 ---p 000fe000 00:26 85155                      /tmp/sqlite-3.49.1.0-2f90824c-5da5-4e4c-9308-8f47a5b8b0e4-libsqlitejdbc.so
749d0f2fe000-749d0f306000 rw-p 000fe000 00:26 85155                      /tmp/sqlite-3.49.1.0-2f90824c-5da5-4e4c-9308-8f47a5b8b0e4-libsqlitejdbc.so
749d0f400000-749d0f404000 ---p 00000000 00:00 0 
749d0f404000-749d0f500000 rw-p 00000000 00:00 0 
749d0f500000-749d0f504000 ---p 00000000 00:00 0 
749d0f504000-749d0f600000 rw-p 00000000 00:00 0 
749d0f600000-749d0f604000 ---p 00000000 00:00 0 
749d0f604000-749d0f700000 rw-p 00000000 00:00 0 
749d0f700000-749d0f704000 ---p 00000000 00:00 0 
749d0f704000-749d0f800000 rw-p 00000000 00:00 0 
749d0f800000-749d0f804000 ---p 00000000 00:00 0 
749d0f804000-749d0f900000 rw-p 00000000 00:00 0 
749d0f900000-749d0f904000 ---p 00000000 00:00 0 
749d0f904000-749d0fa00000 rw-p 00000000 00:00 0 
749d0fa00000-749d0fa04000 ---p 00000000 00:00 0 
749d0fa04000-749d0fb00000 rw-p 00000000 00:00 0 
749d0fb00000-749d0fb04000 ---p 00000000 00:00 0 
749d0fb04000-749d0fc00000 rw-p 00000000 00:00 0 
749d0fc00000-749d0fc04000 ---p 00000000 00:00 0 
749d0fc04000-749d0fd00000 rw-p 00000000 00:00 0 
749d0fd00000-749d0fd04000 ---p 00000000 00:00 0 
749d0fd04000-749d0fe00000 rw-p 00000000 00:00 0 
749d0fe00000-749d0fe04000 ---p 00000000 00:00 0 
749d0fe04000-749d0ff00000 rw-p 00000000 00:00 0 
749d0ff00000-749d0ff04000 ---p 00000000 00:00 0 
749d0ff04000-749d10000000 rw-p 00000000 00:00 0 
749d10000000-749d10200000 rw-p 00000000 00:00 0 
749d10200000-749d10cc0000 rw-p 00000000 00:00 0 
749d10cc0000-749d10d00000 rw-p 00000000 00:00 0 
749d10d00000-749d10ec0000 rw-p 00000000 00:00 0 
749d10ec0000-749d10f00000 rw-p 00000000 00:00 0 
749d10f00000-749d110c0000 rw-p 00000000 00:00 0 
749d110c0000-749d11100000 rw-p 00000000 00:00 0 
749d11100000-749d11300000 rw-p 00000000 00:00 0 
749d11300000-749d11400000 rw-p 00000000 00:00 0 
749d11400000-749d11700000 rw-p 00000000 00:00 0 
749d11700000-749d11800000 rw-p 00000000 00:00 0 
749d11800000-749d11aa0000 rw-p 00000000 00:00 0 
749d11aa0000-749d12300000 rw-p 00000000 00:00 0 
749d12300000-749d12400000 rw-p 00000000 00:00 0 
749d12400000-749d137e0000 rw-p 00000000 00:00 0 
749d137e0000-749d13800000 rw-p 00000000 00:00 0 
749d13800000-749d139e0000 rw-p 00000000 00:00 0 
749d139e0000-749d13a00000 rw-p 00000000 00:00 0 
749d13a00000-749d13d00000 rw-p 00000000 00:00 0 
749d13d00000-749d13e00000 rw-p 00000000 00:00 0 
749d13e00000-749d14000000 rw-p 00000000 00:00 0 
749d14000000-749d17fe7000 rw-p 00000000 00:00 0 
749d17fe7000-749d18000000 ---p 00000000 00:00 0 
749d18000000-749d1974c000 rw-p 00000000 00:00 0 
749d1974c000-749d1c000000 ---p 00000000 00:00 0 
749d1c000000-749d1c273000 rw-p 00000000 00:00 0 
749d1c273000-749d20000000 ---p 00000000 00:00 0 
749d20000000-749d2346a000 rw-p 00000000 00:00 0 
749d2346a000-749d24000000 ---p 00000000 00:00 0 
749d24000000-749d241db000 rw-p 00000000 00:00 0 
749d241db000-749d28000000 ---p 00000000 00:00 0 
749d28000000-749d280f9000 rw-p 00000000 00:00 0 
749d280f9000-749d2c000000 ---p 00000000 00:00 0 
749d2c000000-749d2ca0b000 rw-p 00000000 00:00 0 
749d2ca0b000-749d30000000 ---p 00000000 00:00 0 
749d30000000-749d30067000 rw-p 00000000 00:00 0 
749d30067000-749d34000000 ---p 00000000 00:00 0 
749d34000000-749d34400000 rw-p 00000000 00:00 0 
749d34400000-749d34700000 rw-p 00000000 00:00 0 
749d34700000-749d34800000 rw-p 00000000 00:00 0 
749d34800000-749d34900000 rw-p 00000000 00:00 0 
749d34900000-749d34a00000 rw-p 00000000 00:00 0 
749d34a00000-749d34d80000 rw-p 00000000 00:00 0 
749d34d80000-749d34e00000 rw-p 00000000 00:00 0 
749d34e00000-749d35100000 rw-p 00000000 00:00 0 
749d35100000-749d35200000 rw-p 00000000 00:00 0 
749d35200000-749d35300000 rw-p 00000000 00:00 0 
749d35300000-749d35400000 rw-p 00000000 00:00 0 
749d35400000-749d35ce0000 rw-p 00000000 00:00 0 
749d35ce0000-749d35d60000 rw-p 00000000 00:00 0 
749d35d60000-749d36720000 rw-p 00000000 00:00 0 
749d36720000-749d36760000 rw-p 00000000 00:00 0 
749d36760000-749d38000000 rw-p 00000000 00:00 0 
749d38000000-749d385bb000 rw-p 00000000 00:00 0 
749d385bb000-749d3c000000 ---p 00000000 00:00 0 
749d3c0fe000-749d3c102000 ---p 00000000 00:00 0 
749d3c102000-749d3c1fe000 rw-p 00000000 00:00 0 
749d3c1fe000-749d3c202000 ---p 00000000 00:00 0 
749d3c202000-749d3c2fe000 rw-p 00000000 00:00 0 
749d3c2fe000-749d3c302000 ---p 00000000 00:00 0 
749d3c302000-749d3c3fe000 rw-p 00000000 00:00 0 
749d3c3fe000-749d3c402000 ---p 00000000 00:00 0 
749d3c402000-749d3c4fe000 rw-p 00000000 00:00 0 
749d3c4fe000-749d3c502000 ---p 00000000 00:00 0 
749d3c502000-749d3c5fe000 rw-p 00000000 00:00 0 
749d3c5fe000-749d3c5ff000 ---p 00000000 00:00 0 
749d3c5ff000-749d3c6ff000 rw-p 00000000 00:00 0 
749d3c700000-749d3c704000 ---p 00000000 00:00 0 
749d3c704000-749d3c800000 rw-p 00000000 00:00 0 
749d3c800000-749d3c8c6000 r--p 00000000 fd:01 8783                       /usr/lib/x86_64-linux-gnu/libcrypto.so.3
749d3c8c6000-749d3cc61000 r-xp 000c6000 fd:01 8783                       /usr/lib/x86_64-linux-gnu/libcrypto.so.3
749d3cc61000-749d3cd6b000 r--p 00461000 fd:01 8783                       /usr/lib/x86_64-linux-gnu/libcrypto.so.3
749d3cd6b000-749d3cdd1000 r--p 0056b000 fd:01 8783                       /usr/lib/x86_64-linux-gnu/libcrypto.so.3
749d3cdd1000-749d3cdd4000 rw-p 005d1000 fd:01 8783                       /usr/lib/x86_64-linux-gnu/libcrypto.so.3
749d3cdd4000-749d3cdd7000 rw-p 00000000 00:00 0 
749d3ce14000-749d3ce18000 r--p 00000000 fd:01 6331                       /usr/lib/x86_64-linux-gnu/libzstd.so.1.5.6
749d3ce18000-749d3cef6000 r-xp 00004000 fd:01 6331                       /usr/lib/x86_64-linux-gnu/libzstd.so.1.5.6
749d3cef6000-749d3cf03000 r--p 000e2000 fd:01 6331                       /usr/lib/x86_64-linux-gnu/libzstd.so.1.5.6
749d3cf03000-749d3cf04000 r--p 000ef000 fd:01 6331                       /usr/lib/x86_64-linux-gnu/libzstd.so.1.5.6
749d3cf04000-749d3cf05000 rw-p 000f0000 fd:01 6331                       /usr/lib/x86_64-linux-gnu/libzstd.so.1.5.6
749d3cf05000-749d3cf09000 ---p 00000000 00:00 0 
749d3cf09000-749d3d005000 rw-p 00000000 00:00 0 
749d3d005000-749d3d009000 ---p 00000000 00:00 0 
749d3d009000-749d3d105000 rw-p 00000000 00:00 0 
749d3d105000-749d3d109000 ---p 00000000 00:00 0 
749d3d109000-749d3d205000 rw-p 00000000 00:00 0 
749d3d205000-749d3d209000 ---p 00000000 00:00 0 
749d3d209000-749d3d305000 rw-p 00000000 00:00 0 
749d3d305000-749d3d309000 ---p 00000000 00:00 0 
749d3d309000-749d3d405000 rw-p 00000000 00:00 0 
749d3d405000-749d3d409000 ---p 00000000 00:00 0 
749d3d409000-749d3d505000 rw-p 00000000 00:00 0 
749d3d505000-749d3d509000 ---p 00000000 00:00 0 
749d3d509000-749d3d605000 rw-p 00000000 00:00 0 
749d3d605000-749d3d609000 ---p 00000000 00:00 0 
749d3d609000-749d3d705000 rw-p 00000000 00:00 0 
749d3d705000-749d3d709000 ---p 00000000 00:00 0 
749d3d709000-749d3d805000 rw-p 00000000 00:00 0 
749d3d805000-749d3d809000 ---p 00000000 00:00 0 
749d3d809000-749d3d905000 rw-p 00000000 00:00 0 
749d3d905000-749d3d909000 ---p 00000000 00:00 0 
749d3d909000-749d3da05000 rw-p 00000000 00:00 0 
749d3da05000-749d3da09000 ---p 00000000 00:00 0 
749d3da09000-749d3db05000 rw-p 00000000 00:00 0 
749d3db05000-749d3db23000 r--p 00000000 fd:01 1036703                    /usr/lib/jvm/java-21-openjdk-amd64/lib/libawt.so
749d3db23000-749d3dbc1000 r-xp 0001e000 fd:01 1036703                    /usr/lib/jvm/java-21-openjdk-amd64/lib/libawt.so
749d3dbc1000-749d3dbce000 r--p 000bc000 fd:01 1036703                    /usr/lib/jvm/java-21-openjdk-amd64/lib/libawt.so
749d3dbce000-749d3dbcf000 r--p 000c8000 fd:01 1036703                    /usr/lib/jvm/java-21-openjdk-amd64/lib/libawt.so
749d3dbcf000-749d3dbda000 rw-p 000c9000 fd:01 1036703                    /usr/lib/jvm/java-21-openjdk-amd64/lib/libawt.so
749d3dbda000-749d3dbff000 rw-p 00000000 00:00 0 
749d3dbff000-749d3dc00000 ---p 00000000 00:00 0 
749d3dc00000-749d3dd00000 rw-p 00000000 00:00 0 
749d3dd00000-749d3dd04000 ---p 00000000 00:00 0 
749d3dd04000-749d3de00000 rw-p 00000000 00:00 0 
749d3de00000-749d3de1e000 r-xp 00000000 fd:01 1003547                    /home/betty/.cache/JNA/temp/jna10985144367307914711.tmp (deleted)
749d3de1e000-749d3e01d000 ---p 0001e000 fd:01 1003547                    /home/betty/.cache/JNA/temp/jna10985144367307914711.tmp (deleted)
749d3e01d000-749d3e01e000 rw-p 0001d000 fd:01 1003547                    /home/betty/.cache/JNA/temp/jna10985144367307914711.tmp (deleted)
749d3e01e000-749d3e01f000 rw-p 00000000 00:00 0 
749d3e081000-749d3e088000 r--p 00000000 fd:01 3263614                    /home/betty/plugins/spark/tmp/spark-e617846f82f57-libasyncProfiler.so.tmp
749d3e088000-749d3e0dc000 r-xp 00007000 fd:01 3263614                    /home/betty/plugins/spark/tmp/spark-e617846f82f57-libasyncProfiler.so.tmp
749d3e0dc000-749d3e0f2000 r--p 0005b000 fd:01 3263614                    /home/betty/plugins/spark/tmp/spark-e617846f82f57-libasyncProfiler.so.tmp
749d3e0f2000-749d3e0f4000 r--p 00070000 fd:01 3263614                    /home/betty/plugins/spark/tmp/spark-e617846f82f57-libasyncProfiler.so.tmp
749d3e0f4000-749d3e0f5000 rw-p 00072000 fd:01 3263614                    /home/betty/plugins/spark/tmp/spark-e617846f82f57-libasyncProfiler.so.tmp
749d3e0f5000-749d3e100000 rw-p 00000000 00:00 0 
749d3e100000-749d3e104000 ---p 00000000 00:00 0 
749d3e104000-749d3e200000 rw-p 00000000 00:00 0 
749d3e200000-749d3e202000 r-xp 00000000 00:26 85144                      /tmp/jlinenative-3.27.1-fefab4c9dacc63f1-libjlinenative.so
749d3e202000-749d3e401000 ---p 00002000 00:26 85144                      /tmp/jlinenative-3.27.1-fefab4c9dacc63f1-libjlinenative.so
749d3e401000-749d3e402000 r--p 00001000 00:26 85144                      /tmp/jlinenative-3.27.1-fefab4c9dacc63f1-libjlinenative.so
749d3e402000-749d3e403000 rw-p 00002000 00:26 85144                      /tmp/jlinenative-3.27.1-fefab4c9dacc63f1-libjlinenative.so
749d3e43b000-749d3e44b000 rw-p 00000000 00:00 0 
749d3e45b000-749d3e46b000 rw-p 00000000 00:00 0 
749d3e46b000-749d3e46c000 r--p 00000000 fd:01 4090                       /usr/lib/x86_64-linux-gnu/libpthread.so.0
749d3e46c000-749d3e46d000 r-xp 00001000 fd:01 4090                       /usr/lib/x86_64-linux-gnu/libpthread.so.0
749d3e46d000-749d3e46e000 r--p 00002000 fd:01 4090                       /usr/lib/x86_64-linux-gnu/libpthread.so.0
749d3e46e000-749d3e46f000 r--p 00002000 fd:01 4090                       /usr/lib/x86_64-linux-gnu/libpthread.so.0
749d3e46f000-749d3e470000 rw-p 00003000 fd:01 4090                       /usr/lib/x86_64-linux-gnu/libpthread.so.0
749d3e477000-749d3e479000 r--p 00000000 00:26 85149                      /tmp/native-5090402603300605286.so
749d3e479000-749d3e485000 r-xp 00002000 00:26 85149                      /tmp/native-5090402603300605286.so
749d3e485000-749d3e487000 r--p 0000e000 00:26 85149                      /tmp/native-5090402603300605286.so
749d3e487000-749d3e488000 ---p 00010000 00:26 85149                      /tmp/native-5090402603300605286.so
749d3e488000-749d3e489000 r--p 00010000 00:26 85149                      /tmp/native-5090402603300605286.so
749d3e489000-749d3e48a000 rw-p 00011000 00:26 85149                      /tmp/native-5090402603300605286.so
749d3e48a000-749d3e48b000 r--p 00000000 fd:01 4092                       /usr/lib/x86_64-linux-gnu/librt.so.1
749d3e48b000-749d3e48c000 r-xp 00001000 fd:01 4092                       /usr/lib/x86_64-linux-gnu/librt.so.1
749d3e48c000-749d3e48d000 r--p 00002000 fd:01 4092                       /usr/lib/x86_64-linux-gnu/librt.so.1
749d3e48d000-749d3e48e000 r--p 00002000 fd:01 4092                       /usr/lib/x86_64-linux-gnu/librt.so.1
749d3e48e000-749d3e48f000 rw-p 00003000 fd:01 4092                       /usr/lib/x86_64-linux-gnu/librt.so.1
749d3e48f000-749d3e490000 r--p 00000000 fd:01 4080                       /usr/lib/x86_64-linux-gnu/libdl.so.2
749d3e490000-749d3e491000 r-xp 00001000 fd:01 4080                       /usr/lib/x86_64-linux-gnu/libdl.so.2
749d3e491000-749d3e492000 r--p 00002000 fd:01 4080                       /usr/lib/x86_64-linux-gnu/libdl.so.2
749d3e492000-749d3e493000 r--p 00002000 fd:01 4080                       /usr/lib/x86_64-linux-gnu/libdl.so.2
749d3e493000-749d3e494000 rw-p 00003000 fd:01 4080                       /usr/lib/x86_64-linux-gnu/libdl.so.2
749d3e496000-749d3e497000 r--p 00000000 00:26 85151                      /tmp/native-18361740153494548601.so
749d3e497000-749d3e498000 r-xp 00001000 00:26 85151                      /tmp/native-18361740153494548601.so
749d3e498000-749d3e499000 r--p 00002000 00:26 85151                      /tmp/native-18361740153494548601.so
749d3e499000-749d3e49a000 r--p 00002000 00:26 85151                      /tmp/native-18361740153494548601.so
749d3e49a000-749d3e49b000 rw-p 00003000 00:26 85151                      /tmp/native-18361740153494548601.so
749d3e49b000-749d3e4a0000 r--p 00000000 00:26 85147                      /tmp/libnetty_transport_native_epoll_x86_648374635058300872125.so (deleted)
749d3e4a0000-749d3e4aa000 r-xp 00005000 00:26 85147                      /tmp/libnetty_transport_native_epoll_x86_648374635058300872125.so (deleted)
749d3e4aa000-749d3e4ae000 r--p 0000f000 00:26 85147                      /tmp/libnetty_transport_native_epoll_x86_648374635058300872125.so (deleted)
749d3e4ae000-749d3e4af000 ---p 00013000 00:26 85147                      /tmp/libnetty_transport_native_epoll_x86_648374635058300872125.so (deleted)
749d3e4af000-749d3e4b1000 r--p 00013000 00:26 85147                      /tmp/libnetty_transport_native_epoll_x86_648374635058300872125.so (deleted)
749d3e4b1000-749d3e4b2000 rw-p 00000000 00:00 0 
749d3e4b2000-749d3e4b6000 ---p 00000000 00:00 0 
749d3e4b6000-749d3e5b2000 rw-p 00000000 00:00 0 
749d3e5b2000-749d3e5ba000 r--p 00000000 fd:01 4352                       /usr/lib/x86_64-linux-gnu/libudev.so.1.7.10
749d3e5ba000-749d3e5e8000 r-xp 00008000 fd:01 4352                       /usr/lib/x86_64-linux-gnu/libudev.so.1.7.10
749d3e5e8000-749d3e5fa000 r--p 00036000 fd:01 4352                       /usr/lib/x86_64-linux-gnu/libudev.so.1.7.10
749d3e5fa000-749d3e5ff000 r--p 00047000 fd:01 4352                       /usr/lib/x86_64-linux-gnu/libudev.so.1.7.10
749d3e5ff000-749d3e600000 rw-p 0004c000 fd:01 4352                       /usr/lib/x86_64-linux-gnu/libudev.so.1.7.10
749d3e600000-749d3e604000 ---p 00000000 00:00 0 
749d3e604000-749d3e700000 rw-p 00000000 00:00 0 
749d3e700000-749d3e704000 ---p 00000000 00:00 0 
749d3e704000-749d3e800000 rw-p 00000000 00:00 0 
749d3e800000-749d3e804000 ---p 00000000 00:00 0 
749d3e804000-749d3e900000 rw-p 00000000 00:00 0 
749d3e900000-749d3e904000 ---p 00000000 00:00 0 
749d3e904000-749d3ea00000 rw-p 00000000 00:00 0 
749d3ea00000-749d3ea04000 ---p 00000000 00:00 0 
749d3ea04000-749d3eb00000 rw-p 00000000 00:00 0 
749d3eb00000-749d3eb04000 ---p 00000000 00:00 0 
749d3eb04000-749d3ec00000 rw-p 00000000 00:00 0 
749d3ec00000-749d3eeec000 r--p 00000000 fd:01 1922                       /usr/lib/locale/locale-archive
749d3eeed000-749d3eeee000 r--p 00000000 fd:01 1036706                    /usr/lib/jvm/java-21-openjdk-amd64/lib/libextnet.so
749d3eeee000-749d3eeef000 r-xp 00001000 fd:01 1036706                    /usr/lib/jvm/java-21-openjdk-amd64/lib/libextnet.so
749d3eeef000-749d3eef0000 r--p 00002000 fd:01 1036706                    /usr/lib/jvm/java-21-openjdk-amd64/lib/libextnet.so
749d3eef0000-749d3eef1000 r--p 00002000 fd:01 1036706                    /usr/lib/jvm/java-21-openjdk-amd64/lib/libextnet.so
749d3eef1000-749d3eef2000 rw-p 00003000 fd:01 1036706                    /usr/lib/jvm/java-21-openjdk-amd64/lib/libextnet.so
749d3eef2000-749d3eef5000 r--p 00000000 fd:01 6563                       /usr/lib/x86_64-linux-gnu/libnuma.so.1.0.0
749d3eef5000-749d3eefc000 r-xp 00003000 fd:01 6563                       /usr/lib/x86_64-linux-gnu/libnuma.so.1.0.0
749d3eefc000-749d3eefe000 r--p 0000a000 fd:01 6563                       /usr/lib/x86_64-linux-gnu/libnuma.so.1.0.0
749d3eefe000-749d3eeff000 r--p 0000b000 fd:01 6563                       /usr/lib/x86_64-linux-gnu/libnuma.so.1.0.0
749d3eeff000-749d3ef00000 rw-p 0000c000 fd:01 6563                       /usr/lib/x86_64-linux-gnu/libnuma.so.1.0.0
749d3ef00000-749d3ef04000 ---p 00000000 00:00 0 
749d3ef04000-749d3f000000 rw-p 00000000 00:00 0 
749d3f000000-749d3fca0000 rw-p 00001000 fd:01 1036737                    /usr/lib/jvm/java-21-openjdk-amd64/lib/server/classes.jsa
749d3fca0000-749d40000000 ---p 00000000 00:00 0 
749d40000000-749d40040000 rw-p 00000000 00:00 0 
749d40040000-749d40140000 rw-p 00000000 00:00 0 
749d40140000-749d40180000 rw-p 00000000 00:00 0 
749d40180000-749d40260000 rw-p 00000000 00:00 0 
749d40260000-749d40280000 rw-p 00000000 00:00 0 
749d40280000-749d40d40000 rw-p 00000000 00:00 0 
749d40d40000-749d40d80000 rw-p 00000000 00:00 0 
749d40d80000-749d40dc0000 rw-p 00000000 00:00 0 
749d40dc0000-749d40e00000 rw-p 00000000 00:00 0 
749d40e00000-749d40f00000 rw-p 00000000 00:00 0 
749d40f00000-749d41140000 rw-p 00000000 00:00 0 
749d41140000-749d41180000 rw-p 00000000 00:00 0 
749d41180000-749d41b00000 rw-p 00000000 00:00 0 
749d41b00000-749d41f60000 rw-p 00000000 00:00 0 
749d41f60000-749d80000000 ---p 00000000 00:00 0 
749d80000000-749d80290000 rw-p 00000000 00:00 0 
749d80290000-749d84000000 ---p 00000000 00:00 0 
749d84000000-749d84078000 rw-p 00000000 00:00 0 
749d84078000-749d88000000 ---p 00000000 00:00 0 
749d88000000-749d8836d000 rw-p 00000000 00:00 0 
749d8836d000-749d8c000000 ---p 00000000 00:00 0 
749d8c000000-749d8c304000 rw-p 00000000 00:00 0 
749d8c304000-749d90000000 ---p 00000000 00:00 0 
749d90000000-749d90144000 rw-p 00000000 00:00 0 
749d90144000-749d94000000 ---p 00000000 00:00 0 
749d94001000-749d94004000 r--p 00000000 fd:01 1036704                    /usr/lib/jvm/java-21-openjdk-amd64/lib/libawt_headless.so
749d94004000-749d94008000 r-xp 00003000 fd:01 1036704                    /usr/lib/jvm/java-21-openjdk-amd64/lib/libawt_headless.so
749d94008000-749d9400a000 r--p 00007000 fd:01 1036704                    /usr/lib/jvm/java-21-openjdk-amd64/lib/libawt_headless.so
749d9400a000-749d9400b000 r--p 00008000 fd:01 1036704                    /usr/lib/jvm/java-21-openjdk-amd64/lib/libawt_headless.so
749d9400b000-749d9400c000 rw-p 00009000 fd:01 1036704                    /usr/lib/jvm/java-21-openjdk-amd64/lib/libawt_headless.so
749d9400c000-749d9400f000 r--p 00000000 fd:01 5200                       /usr/lib/x86_64-linux-gnu/libcap.so.2.73
749d9400f000-749d94016000 r-xp 00003000 fd:01 5200                       /usr/lib/x86_64-linux-gnu/libcap.so.2.73
749d94016000-749d94018000 r--p 0000a000 fd:01 5200                       /usr/lib/x86_64-linux-gnu/libcap.so.2.73
749d94018000-749d94019000 r--p 0000c000 fd:01 5200                       /usr/lib/x86_64-linux-gnu/libcap.so.2.73
749d94019000-749d9401a000 rw-p 0000d000 fd:01 5200                       /usr/lib/x86_64-linux-gnu/libcap.so.2.73
749d9401a000-749d9401e000 r--p 00000000 fd:01 1036734                    /usr/lib/jvm/java-21-openjdk-amd64/lib/libverify.so
749d9401e000-749d94026000 r-xp 00004000 fd:01 1036734                    /usr/lib/jvm/java-21-openjdk-amd64/lib/libverify.so
749d94026000-749d94028000 r--p 0000c000 fd:01 1036734                    /usr/lib/jvm/java-21-openjdk-amd64/lib/libverify.so
749d94028000-749d9402a000 r--p 0000d000 fd:01 1036734                    /usr/lib/jvm/java-21-openjdk-amd64/lib/libverify.so
749d9402a000-749d9402b000 rw-p 0000f000 fd:01 1036734                    /usr/lib/jvm/java-21-openjdk-amd64/lib/libverify.so
749d9402b000-749d94030000 r--p 00000000 fd:01 1036720                    /usr/lib/jvm/java-21-openjdk-amd64/lib/libjsvml.so
749d94030000-749d94071000 r-xp 00005000 fd:01 1036720                    /usr/lib/jvm/java-21-openjdk-amd64/lib/libjsvml.so
749d94071000-749d940fa000 r--p 00046000 fd:01 1036720                    /usr/lib/jvm/java-21-openjdk-amd64/lib/libjsvml.so
749d940fa000-749d940fb000 r--p 000ce000 fd:01 1036720                    /usr/lib/jvm/java-21-openjdk-amd64/lib/libjsvml.so
749d940fb000-749d940fc000 rw-p 000cf000 fd:01 1036720                    /usr/lib/jvm/java-21-openjdk-amd64/lib/libjsvml.so
749d940fc000-749d94100000 ---p 00000000 00:00 0 
749d94100000-749d941fc000 rw-p 00000000 00:00 0 
749d941fc000-749d94200000 ---p 00000000 00:00 0 
749d94200000-749d942fc000 rw-p 00000000 00:00 0 
749d942fc000-749d94300000 ---p 00000000 00:00 0 
749d94300000-749d943fc000 rw-p 00000000 00:00 0 
749d943fc000-749d943fd000 ---p 00000000 00:00 0 
749d943fd000-749d944fd000 rw-p 00000000 00:00 0 
749d944fd000-749d944fe000 ---p 00000000 00:00 0 
749d944fe000-749d945fe000 rw-p 00000000 00:00 0 
749d945fe000-749d945ff000 ---p 00000000 00:00 0 
749d945ff000-749d946ff000 rw-p 00000000 00:00 0 
749d946ff000-749d94700000 ---p 00000000 00:00 0 
749d94700000-749d94800000 rw-p 00000000 00:00 0 
749d94800000-749d99b40000 rw-p 00000000 00:00 0 
749d99b40000-749dae480000 ---p 00000000 00:00 0 
749dae480000-749dae580000 rw-p 00000000 00:00 0 
749dae580000-749dae6c0000 ---p 00000000 00:00 0 
749dae6c0000-749daee68000 rw-p 00000000 00:00 0 
749daee68000-749db1790000 ---p 00000000 00:00 0 
749db1790000-749db17b0000 rw-p 00000000 00:00 0 
749db17b0000-749db17d8000 ---p 00000000 00:00 0 
749db17d8000-749db1e68000 rw-p 00000000 00:00 0 
749db1e68000-749db4790000 ---p 00000000 00:00 0 
749db4790000-749db47b0000 rw-p 00000000 00:00 0 
749db47b0000-749db47d8000 ---p 00000000 00:00 0 
749db47d8000-749db4800000 rw-p 00000000 00:00 0 
749db4800000-749db78c0000 rwxp 00000000 00:00 0 
749db78c0000-749dbbd38000 ---p 00000000 00:00 0 
749dbbd38000-749dbc058000 rwxp 00000000 00:00 0 
749dbc058000-749dbc2c7000 ---p 00000000 00:00 0 
749dbc2c7000-749dbf8c7000 rwxp 00000000 00:00 0 
749dbf8c7000-749dc3800000 ---p 00000000 00:00 0 
749dc3800000-749dcbe36000 r--s 00000000 fd:01 1036736                    /usr/lib/jvm/java-21-openjdk-amd64/lib/modules
749dcbe38000-749dcbe39000 r--p 00000000 fd:01 1036712                    /usr/lib/jvm/java-21-openjdk-amd64/lib/libjaas.so
749dcbe39000-749dcbe3a000 r-xp 00001000 fd:01 1036712                    /usr/lib/jvm/java-21-openjdk-amd64/lib/libjaas.so
749dcbe3a000-749dcbe3b000 r--p 00002000 fd:01 1036712                    /usr/lib/jvm/java-21-openjdk-amd64/lib/libjaas.so
749dcbe3b000-749dcbe3c000 r--p 00002000 fd:01 1036712                    /usr/lib/jvm/java-21-openjdk-amd64/lib/libjaas.so
749dcbe3c000-749dcbe3d000 rw-p 00003000 fd:01 1036712                    /usr/lib/jvm/java-21-openjdk-amd64/lib/libjaas.so
749dcbe3d000-749dcbe44000 r--s 00000000 fd:01 4066                       /usr/lib/x86_64-linux-gnu/gconv/gconv-modules.cache
749dcbe44000-749dcbe48000 ---p 00000000 00:00 0 
749dcbe48000-749dcbe66000 rw-p 00000000 00:00 0 
749dcbe66000-749dcbe68000 r--p 00000000 fd:01 1036725                    /usr/lib/jvm/java-21-openjdk-amd64/lib/libmanagement_ext.so
749dcbe68000-749dcbe6b000 r-xp 00002000 fd:01 1036725                    /usr/lib/jvm/java-21-openjdk-amd64/lib/libmanagement_ext.so
749dcbe6b000-749dcbe6d000 r--p 00005000 fd:01 1036725                    /usr/lib/jvm/java-21-openjdk-amd64/lib/libmanagement_ext.so
749dcbe6d000-749dcbe6e000 r--p 00006000 fd:01 1036725                    /usr/lib/jvm/java-21-openjdk-amd64/lib/libmanagement_ext.so
749dcbe6e000-749dcbe6f000 rw-p 00007000 fd:01 1036725                    /usr/lib/jvm/java-21-openjdk-amd64/lib/libmanagement_ext.so
749dcbe6f000-749dcbe72000 r--p 00000000 fd:01 1036727                    /usr/lib/jvm/java-21-openjdk-amd64/lib/libnet.so
749dcbe72000-749dcbe7a000 r-xp 00003000 fd:01 1036727                    /usr/lib/jvm/java-21-openjdk-amd64/lib/libnet.so
749dcbe7a000-749dcbe7c000 r--p 0000b000 fd:01 1036727                    /usr/lib/jvm/java-21-openjdk-amd64/lib/libnet.so
749dcbe7c000-749dcbe7d000 r--p 0000c000 fd:01 1036727                    /usr/lib/jvm/java-21-openjdk-amd64/lib/libnet.so
749dcbe7d000-749dcbe7e000 rw-p 0000d000 fd:01 1036727                    /usr/lib/jvm/java-21-openjdk-amd64/lib/libnet.so
749dcbe7e000-749dce11a000 rw-p 00000000 00:00 0 
749dce11a000-749dd0000000 ---p 00000000 00:00 0 
749dd0000000-749dd0001000 r-xp 00000000 00:26 85145                      /tmp/ffi863YGD (deleted)
749dd0001000-749dd0002000 rw-p 00000000 00:00 0 
749dd0002000-749dd0004000 r--p 00000000 fd:01 1036723                    /usr/lib/jvm/java-21-openjdk-amd64/lib/libmanagement.so
749dd0004000-749dd0005000 r-xp 00002000 fd:01 1036723                    /usr/lib/jvm/java-21-openjdk-amd64/lib/libmanagement.so
749dd0005000-749dd0006000 r--p 00003000 fd:01 1036723                    /usr/lib/jvm/java-21-openjdk-amd64/lib/libmanagement.so
749dd0006000-749dd0007000 r--p 00003000 fd:01 1036723                    /usr/lib/jvm/java-21-openjdk-amd64/lib/libmanagement.so
749dd0007000-749dd0008000 rw-p 00004000 fd:01 1036723                    /usr/lib/jvm/java-21-openjdk-amd64/lib/libmanagement.so
749dd0008000-749dd0164000 rw-p 00000000 00:00 0 
749dd0164000-749dd0165000 ---p 00000000 00:00 0 
749dd0165000-749dd0265000 rw-p 00000000 00:00 0 
749dd0265000-749dd0266000 ---p 00000000 00:00 0 
749dd0266000-749dd0366000 rw-p 00000000 00:00 0 
749dd0366000-749dd0367000 ---p 00000000 00:00 0 
749dd0367000-749dd0467000 rw-p 00000000 00:00 0 
749dd0467000-749dd0796000 rw-p 00000000 00:00 0 
749dd0796000-749dd0815000 ---p 00000000 00:00 0 
749dd0815000-749dd0877000 rw-p 00000000 00:00 0 
749dd0877000-749dd0900000 ---p 00000000 00:00 0 
749dd0900000-749dd0904000 ---p 00000000 00:00 0 
749dd0904000-749dd0a00000 rw-p 00000000 00:00 0 
749dd0a00000-749dd0aa2000 r--p 00000000 fd:01 6490                       /usr/lib/x86_64-linux-gnu/libstdc++.so.6.0.34
749dd0aa2000-749dd0bef000 r-xp 000a2000 fd:01 6490                       /usr/lib/x86_64-linux-gnu/libstdc++.so.6.0.34
749dd0bef000-749dd0c77000 r--p 001ef000 fd:01 6490                       /usr/lib/x86_64-linux-gnu/libstdc++.so.6.0.34
749dd0c77000-749dd0c86000 r--p 00276000 fd:01 6490                       /usr/lib/x86_64-linux-gnu/libstdc++.so.6.0.34
749dd0c86000-749dd0c89000 rw-p 00285000 fd:01 6490                       /usr/lib/x86_64-linux-gnu/libstdc++.so.6.0.34
749dd0c89000-749dd0c8d000 rw-p 00000000 00:00 0 
749dd0c8d000-749dd0c8e000 r--p 00000000 fd:01 4094                       /usr/lib/x86_64-linux-gnu/libutil.so.1
749dd0c8e000-749dd0c8f000 r-xp 00001000 fd:01 4094                       /usr/lib/x86_64-linux-gnu/libutil.so.1
749dd0c8f000-749dd0c90000 r--p 00002000 fd:01 4094                       /usr/lib/x86_64-linux-gnu/libutil.so.1
749dd0c90000-749dd0c91000 r--p 00002000 fd:01 4094                       /usr/lib/x86_64-linux-gnu/libutil.so.1
749dd0c91000-749dd0c92000 rw-p 00003000 fd:01 4094                       /usr/lib/x86_64-linux-gnu/libutil.so.1
749dd0c92000-749dd0c99000 r--p 00000000 fd:01 1036728                    /usr/lib/jvm/java-21-openjdk-amd64/lib/libnio.so
749dd0c99000-749dd0ca2000 r-xp 00007000 fd:01 1036728                    /usr/lib/jvm/java-21-openjdk-amd64/lib/libnio.so
749dd0ca2000-749dd0ca6000 r--p 00010000 fd:01 1036728                    /usr/lib/jvm/java-21-openjdk-amd64/lib/libnio.so
749dd0ca6000-749dd0ca7000 r--p 00014000 fd:01 1036728                    /usr/lib/jvm/java-21-openjdk-amd64/lib/libnio.so
749dd0ca7000-749dd0ca8000 rw-p 00015000 fd:01 1036728                    /usr/lib/jvm/java-21-openjdk-amd64/lib/libnio.so
749dd0ca8000-749dd0d09000 rw-p 00000000 00:00 0 
749dd0d09000-749dd0d1a000 r--p 00000000 fd:01 4081                       /usr/lib/x86_64-linux-gnu/libm.so.6
749dd0d1a000-749dd0da0000 r-xp 00011000 fd:01 4081                       /usr/lib/x86_64-linux-gnu/libm.so.6
749dd0da0000-749dd0dfe000 r--p 00097000 fd:01 4081                       /usr/lib/x86_64-linux-gnu/libm.so.6
749dd0dfe000-749dd0dff000 r--p 000f5000 fd:01 4081                       /usr/lib/x86_64-linux-gnu/libm.so.6
749dd0dff000-749dd0e00000 rw-p 000f6000 fd:01 4081                       /usr/lib/x86_64-linux-gnu/libm.so.6
749dd0e00000-749dd10a9000 r--p 00000000 fd:01 1036740                    /usr/lib/jvm/java-21-openjdk-amd64/lib/server/libjvm.so
749dd10a9000-749dd1f6f000 r-xp 002a9000 fd:01 1036740                    /usr/lib/jvm/java-21-openjdk-amd64/lib/server/libjvm.so
749dd1f6f000-749dd2248000 r--p 0116f000 fd:01 1036740                    /usr/lib/jvm/java-21-openjdk-amd64/lib/server/libjvm.so
749dd2248000-749dd231d000 r--p 01448000 fd:01 1036740                    /usr/lib/jvm/java-21-openjdk-amd64/lib/server/libjvm.so
749dd231d000-749dd234e000 rw-p 0151d000 fd:01 1036740                    /usr/lib/jvm/java-21-openjdk-amd64/lib/server/libjvm.so
749dd234e000-749dd23b4000 rw-p 00000000 00:00 0 
749dd23b4000-749dd23b6000 r--p 00000000 fd:01 1036735                    /usr/lib/jvm/java-21-openjdk-amd64/lib/libzip.so
749dd23b6000-749dd23bb000 r-xp 00002000 fd:01 1036735                    /usr/lib/jvm/java-21-openjdk-amd64/lib/libzip.so
749dd23bb000-749dd23bd000 r--p 00007000 fd:01 1036735                    /usr/lib/jvm/java-21-openjdk-amd64/lib/libzip.so
749dd23bd000-749dd23be000 r--p 00008000 fd:01 1036735                    /usr/lib/jvm/java-21-openjdk-amd64/lib/libzip.so
749dd23be000-749dd23bf000 rw-p 00009000 fd:01 1036735                    /usr/lib/jvm/java-21-openjdk-amd64/lib/libzip.so
749dd23e0000-749dd2400000 rw-p 00000000 00:00 0 
749dd2400000-749dd2428000 r--p 00000000 fd:01 4078                       /usr/lib/x86_64-linux-gnu/libc.so.6
749dd2428000-749dd25bd000 r-xp 00028000 fd:01 4078                       /usr/lib/x86_64-linux-gnu/libc.so.6
749dd25bd000-749dd260c000 r--p 001bd000 fd:01 4078                       /usr/lib/x86_64-linux-gnu/libc.so.6
749dd260c000-749dd2610000 r--p 0020b000 fd:01 4078                       /usr/lib/x86_64-linux-gnu/libc.so.6
749dd2610000-749dd2612000 rw-p 0020f000 fd:01 4078                       /usr/lib/x86_64-linux-gnu/libc.so.6
749dd2612000-749dd261f000 rw-p 00000000 00:00 0 
749dd2620000-749dd265b000 rw-p 00000000 00:00 0 
749dd265b000-749dd2660000 ---p 00000000 00:00 0 
749dd2660000-749dd266d000 r--p 00000000 fd:01 1036713                    /usr/lib/jvm/java-21-openjdk-amd64/lib/libjava.so
749dd266d000-749dd267c000 r-xp 0000d000 fd:01 1036713                    /usr/lib/jvm/java-21-openjdk-amd64/lib/libjava.so
749dd267c000-749dd2681000 r--p 0001c000 fd:01 1036713                    /usr/lib/jvm/java-21-openjdk-amd64/lib/libjava.so
749dd2681000-749dd2682000 r--p 00021000 fd:01 1036713                    /usr/lib/jvm/java-21-openjdk-amd64/lib/libjava.so
749dd2682000-749dd2683000 rw-p 00022000 fd:01 1036713                    /usr/lib/jvm/java-21-openjdk-amd64/lib/libjava.so
749dd2683000-749dd2684000 rw-p 00000000 00:00 0 
749dd2684000-749dd268c000 rw-s 00000000 00:26 85142                      /tmp/hsperfdata_betty/1095642
749dd268c000-749dd268e000 r--p 00000000 fd:01 1036716                    /usr/lib/jvm/java-21-openjdk-amd64/lib/libjimage.so
749dd268e000-749dd2691000 r-xp 00002000 fd:01 1036716                    /usr/lib/jvm/java-21-openjdk-amd64/lib/libjimage.so
749dd2691000-749dd2692000 r--p 00005000 fd:01 1036716                    /usr/lib/jvm/java-21-openjdk-amd64/lib/libjimage.so
749dd2692000-749dd2693000 r--p 00006000 fd:01 1036716                    /usr/lib/jvm/java-21-openjdk-amd64/lib/libjimage.so
749dd2693000-749dd2694000 rw-p 00007000 fd:01 1036716                    /usr/lib/jvm/java-21-openjdk-amd64/lib/libjimage.so
749dd2694000-749dd2698000 r--p 00000000 fd:01 5216                       /usr/lib/x86_64-linux-gnu/libgcc_s.so.1
749dd2698000-749dd26bb000 r-xp 00004000 fd:01 5216                       /usr/lib/x86_64-linux-gnu/libgcc_s.so.1
749dd26bb000-749dd26bf000 r--p 00027000 fd:01 5216                       /usr/lib/x86_64-linux-gnu/libgcc_s.so.1
749dd26bf000-749dd26c0000 r--p 0002a000 fd:01 5216                       /usr/lib/x86_64-linux-gnu/libgcc_s.so.1
749dd26c0000-749dd26c1000 rw-p 0002b000 fd:01 5216                       /usr/lib/x86_64-linux-gnu/libgcc_s.so.1
749dd26c1000-749dd26c3000 rw-p 00000000 00:00 0 
749dd26c3000-749dd26c5000 r--p 00000000 fd:01 1036717                    /usr/lib/jvm/java-21-openjdk-amd64/lib/libjli.so
749dd26c5000-749dd26cf000 r-xp 00002000 fd:01 1036717                    /usr/lib/jvm/java-21-openjdk-amd64/lib/libjli.so
749dd26cf000-749dd26d2000 r--p 0000c000 fd:01 1036717                    /usr/lib/jvm/java-21-openjdk-amd64/lib/libjli.so
749dd26d2000-749dd26d3000 r--p 0000f000 fd:01 1036717                    /usr/lib/jvm/java-21-openjdk-amd64/lib/libjli.so
749dd26d3000-749dd26d4000 rw-p 00010000 fd:01 1036717                    /usr/lib/jvm/java-21-openjdk-amd64/lib/libjli.so
749dd26d4000-749dd26d7000 r--p 00000000 fd:01 6299                       /usr/lib/x86_64-linux-gnu/libz.so.1.3.1
749dd26d7000-749dd26ea000 r-xp 00003000 fd:01 6299                       /usr/lib/x86_64-linux-gnu/libz.so.1.3.1
749dd26ea000-749dd26f0000 r--p 00016000 fd:01 6299                       /usr/lib/x86_64-linux-gnu/libz.so.1.3.1
749dd26f0000-749dd26f1000 r--p 0001c000 fd:01 6299                       /usr/lib/x86_64-linux-gnu/libz.so.1.3.1
749dd26f1000-749dd26f2000 rw-p 0001d000 fd:01 6299                       /usr/lib/x86_64-linux-gnu/libz.so.1.3.1
749dd26f2000-749dd26f3000 rw-p 00000000 00:00 0 
749dd26f3000-749dd26f4000 r--p 00000000 00:00 0 
749dd26f4000-749dd26f5000 rw-p 00000000 00:00 0 
749dd26f5000-749dd26f6000 rw-p 00000000 00:00 0 
749dd26f6000-749dd26f7000 ---p 00000000 00:00 0 
749dd26f7000-749dd26f8000 r--p 00000000 00:00 0 
749dd26f8000-749dd26f9000 ---p 00000000 00:00 0 
749dd26f9000-749dd26fb000 rw-p 00000000 00:00 0 
749dd26fb000-749dd26fd000 r--p 00000000 00:00 0                          [vvar]
749dd26fd000-749dd26ff000 r--p 00000000 00:00 0                          [vvar_vclock]
749dd26ff000-749dd2701000 r-xp 00000000 00:00 0                          [vdso]
749dd2701000-749dd2702000 r--p 00000000 fd:01 4075                       /usr/lib/x86_64-linux-gnu/ld-linux-x86-64.so.2
749dd2702000-749dd2730000 r-xp 00001000 fd:01 4075                       /usr/lib/x86_64-linux-gnu/ld-linux-x86-64.so.2
749dd2730000-749dd273b000 r--p 0002f000 fd:01 4075                       /usr/lib/x86_64-linux-gnu/ld-linux-x86-64.so.2
749dd273b000-749dd273d000 r--p 0003a000 fd:01 4075                       /usr/lib/x86_64-linux-gnu/ld-linux-x86-64.so.2
749dd273d000-749dd273e000 rw-p 0003c000 fd:01 4075                       /usr/lib/x86_64-linux-gnu/ld-linux-x86-64.so.2
749dd273e000-749dd273f000 rw-p 00000000 00:00 0 
7fff20413000-7fff20434000 rw-p 00000000 00:00 0                          [stack]
ffffffffff600000-ffffffffff601000 --xp 00000000 00:00 0                  [vsyscall]
Total number of mappings: 535

JVMTI agents: none


VM Arguments:
jvm_args: -Xmx24G -Xms1G -Dfml.queryResult=confirm 
java_command: /home/betty/server.jar nogui
java_class_path (initial): /home/betty/server.jar
Launcher Type: SUN_STANDARD

[Global flags]
     intx CICompilerCount                          = 2                                         {product} {ergonomic}
     uint ConcGCThreads                            = 1                                         {product} {ergonomic}
     uint G1ConcRefinementThreads                  = 2                                         {product} {ergonomic}
   size_t G1HeapRegionSize                         = 16777216                                  {product} {ergonomic}
    uintx GCDrainStackTargetSize                   = 64                                        {product} {ergonomic}
   size_t InitialHeapSize                          = 1073741824                                {product} {command line}
   size_t MarkStackSize                            = 4194304                                   {product} {ergonomic}
   size_t MaxHeapSize                              = 25769803776                               {product} {command line}
   size_t MaxNewSize                               = 15451815936                               {product} {ergonomic}
   size_t MinHeapDeltaBytes                        = 16777216                                  {product} {ergonomic}
   size_t MinHeapSize                              = 1073741824                                {product} {command line}
    uintx NonNMethodCodeHeapSize                   = 5826188                                {pd product} {ergonomic}
    uintx NonProfiledCodeHeapSize                  = 122916026                              {pd product} {ergonomic}
    uintx ProfiledCodeHeapSize                     = 122916026                              {pd product} {ergonomic}
    uintx ReservedCodeCacheSize                    = 251658240                              {pd product} {ergonomic}
     bool SegmentedCodeCache                       = true                                      {product} {ergonomic}
   size_t SoftMaxHeapSize                          = 25769803776                            {manageable} {ergonomic}
     bool UseCompressedOops                        = true                           {product lp64_product} {ergonomic}
     bool UseG1GC                                  = true                                      {product} {ergonomic}

Logging:
Log output configuration:
 #0: stdout all=warning uptime,level,tags foldmultilines=false
 #1: stderr all=off uptime,level,tags foldmultilines=false

Release file:
IMPLEMENTOR="Ubuntu"
JAVA_RUNTIME_VERSION="21.0.9+10-Ubuntu-125.04"
JAVA_VERSION="21.0.9"
JAVA_VERSION_DATE="2025-10-21"
LIBC="gnu"
MODULES="java.base java.compiler java.datatransfer java.xml java.prefs java.desktop java.instrument java.logging java.management java.security.sasl java.naming java.rmi java.management.rmi java.net.http java.scripting java.security.jgss java.transaction.xa java.sql java.sql.rowset java.xml.crypto java.se java.smartcardio jdk.accessibility jdk.internal.jvmstat jdk.attach jdk.charsets jdk.internal.opt jdk.zipfs jdk.compiler jdk.crypto.ec jdk.crypto.cryptoki jdk.dynalink jdk.internal.ed jdk.editpad jdk.hotspot.agent jdk.httpserver jdk.incubator.vector jdk.internal.le jdk.internal.vm.ci jdk.internal.vm.compiler jdk.internal.vm.compiler.management jdk.jartool jdk.javadoc jdk.jcmd jdk.management jdk.management.agent jdk.jconsole jdk.jdeps jdk.jdwp.agent jdk.jdi jdk.jfr jdk.jlink jdk.jpackage jdk.jshell jdk.jsobject jdk.jstatd jdk.localedata jdk.management.jfr jdk.naming.dns jdk.naming.rmi jdk.net jdk.nio.mapmode jdk.random jdk.sctp jdk.security.auth jdk.security.jgss jdk.unsupported jdk.unsupported.desktop jdk.xml.dom"
OS_ARCH="x86_64"
OS_NAME="Linux"
SOURCE=""

Environment Variables:
PATH=/home/betty/bin:/usr/local/sbin:/usr/local/bin:/usr/sbin:/usr/bin:/sbin:/bin:/usr/games:/usr/local/games:/snap/bin
SHELL=/bin/bash
LANG=en_US.UTF-8
TERM=screen

Active Locale:
LC_ALL=en_US.UTF-8
LC_COLLATE=en_US.UTF-8
LC_CTYPE=en_US.UTF-8
LC_MESSAGES=en_US.UTF-8
LC_MONETARY=en_US.UTF-8
LC_NUMERIC=en_US.UTF-8
LC_TIME=en_US.UTF-8

Signal Handlers:
   SIGSEGV: crash_handler in libjvm.so, mask=11100100010111111101111111111110, flags=SA_RESTART|SA_SIGINFO, unblocked
    SIGBUS: crash_handler in libjvm.so, mask=11100100010111111101111111111110, flags=SA_RESTART|SA_SIGINFO, unblocked
    SIGFPE: crash_handler in libjvm.so, mask=11100100010111111101111111111110, flags=SA_RESTART|SA_SIGINFO, unblocked
   SIGPIPE: javaSignalHandler in libjvm.so, mask=11100100010111111101111111111110, flags=SA_RESTART|SA_SIGINFO, unblocked
   SIGXFSZ: javaSignalHandler in libjvm.so, mask=11100100010111111101111111111110, flags=SA_RESTART|SA_SIGINFO, unblocked
    SIGILL: crash_handler in libjvm.so, mask=11100100010111111101111111111110, flags=SA_RESTART|SA_SIGINFO, unblocked
   SIGUSR2: SR_handler in libjvm.so, mask=00000000000000000000000000000000, flags=SA_RESTART|SA_SIGINFO, unblocked
    SIGHUP: UserHandler in libjvm.so, mask=11100100010111111101111111111110, flags=SA_RESTART|SA_SIGINFO, unblocked
    SIGINT: UserHandler in libjvm.so, mask=11100100010111111101111111111110, flags=SA_RESTART|SA_SIGINFO, unblocked
   SIGTERM: UserHandler in libjvm.so, mask=11100100010111111101111111111110, flags=SA_RESTART|SA_SIGINFO, unblocked
   SIGQUIT: UserHandler in libjvm.so, mask=11100100010111111101111111111110, flags=SA_RESTART|SA_SIGINFO, unblocked
   SIGTRAP: crash_handler in libjvm.so, mask=11100100010111111101111111111110, flags=SA_RESTART|SA_SIGINFO, unblocked


Periodic native trim disabled

---------------  S Y S T E M  ---------------

OS:
DISTRIB_ID=Ubuntu
DISTRIB_RELEASE=25.04
DISTRIB_CODENAME=plucky
DISTRIB_DESCRIPTION="Ubuntu 25.04"
uname: Linux 6.14.0-37-generic #37-Ubuntu SMP PREEMPT_DYNAMIC Fri Nov 14 22:10:32 UTC 2025 x86_64
OS uptime: 47 days 11:18 hours
libc: glibc 2.41 NPTL 2.41 
rlimit (soft/hard): STACK 8192k/infinity , CORE 0k/infinity , NPROC 15492/15492 , NOFILE 1073741816/1073741816 , AS infinity/infinity , CPU infinity/infinity , DATA infinity/infinity , FSIZE infinity/infinity , MEMLOCK 501152k/501152k
load average: 0.63 1.01 0.81

/proc/meminfo:
MemTotal:        4009244 kB
MemFree:          123780 kB
MemAvailable:      67132 kB
Buffers:            1712 kB
Cached:           100776 kB
SwapCached:       120652 kB
Active:          1954196 kB
Inactive:        1730952 kB
Active(anon):    1893476 kB
Inactive(anon):  1700364 kB
Active(file):      60720 kB
Inactive(file):    30588 kB
Unevictable:       29208 kB
Mlocked:           26136 kB
SwapTotal:       2097148 kB
SwapFree:        1314204 kB
Zswap:                 0 kB
Zswapped:              0 kB
Dirty:               316 kB
Writeback:             0 kB
AnonPages:       3595844 kB
Mapped:            59608 kB
Shmem:              3548 kB
KReclaimable:      35672 kB
Slab:             115364 kB
SReclaimable:      35672 kB
SUnreclaim:        79692 kB
KernelStack:        4144 kB
PageTables:        12800 kB
SecPageTables:         0 kB
NFS_Unstable:          0 kB
Bounce:                0 kB
WritebackTmp:          0 kB
CommitLimit:     4101768 kB
Committed_AS:    5012252 kB
VmallocTotal:   34359738367 kB
VmallocUsed:       17756 kB
VmallocChunk:          0 kB
Percpu:             1472 kB
HardwareCorrupted:     0 kB
AnonHugePages:         0 kB
ShmemHugePages:        0 kB
ShmemPmdMapped:        0 kB
FileHugePages:         0 kB
FilePmdMapped:         0 kB
Unaccepted:            0 kB
HugePages_Total:       0
HugePages_Free:        0
HugePages_Rsvd:        0
HugePages_Surp:        0
Hugepagesize:       2048 kB
Hugetlb:               0 kB
DirectMap4k:       92012 kB
DirectMap2M:     4102144 kB

/sys/kernel/mm/transparent_hugepage/enabled: always [madvise] never
/sys/kernel/mm/transparent_hugepage/hpage_pmd_size: 2097152
/sys/kernel/mm/transparent_hugepage/defrag (defrag/compaction efforts parameter): always defer defer+madvise [madvise] never

Process Memory:
Virtual Size: 28562492K (peak: 28607924K)
Resident Set Size: 3567084K (peak: 3644040K) (anon: 3547644K, file: 18992K, shmem: 448K)
Swapped out: 609156K
C-Heap outstanding allocations: 161577K, retained: 105646K
glibc malloc tunables: (default)

/proc/sys/kernel/threads-max (system-wide limit on the number of threads): 30985
/proc/sys/vm/max_map_count (maximum number of memory map areas a process may have): 1048576
/proc/sys/vm/swappiness (control to define how aggressively the kernel swaps out anonymous memory): 60
/proc/sys/kernel/pid_max (system-wide limit on number of process identifiers): 4194304

container information not found.
KVM virtualization detected
Steal ticks since vm start: 2684
Steal ticks percentage since vm start:  0.000

CPU: total 2 (initial active 2) (2 cores per cpu, 1 threads per core) family 6 model 79 stepping 1 microcode 0x1, cx8, cmov, fxsr, mmx, 3dnowpref, sse, sse2, sse3, ssse3, sse4.1, sse4.2, popcnt, lzcnt, tsc, avx, avx2, aes, erms, clmul, bmi1, bmi2, adx, fma, vzeroupper, clflush, hv, rdtscp, f16c
CPU Model and flags from /proc/cpuinfo:
model name	: DO-Regular
flags		: fpu vme de pse tsc msr pae mce cx8 apic sep mtrr pge mca cmov pat pse36 clflush mmx fxsr sse sse2 ss ht syscall nx rdtscp lm constant_tsc rep_good nopl xtopology cpuid tsc_known_freq pni pclmulqdq vmx ssse3 fma cx16 pcid sse4_1 sse4_2 x2apic movbe popcnt tsc_deadline_timer aes xsave avx f16c rdrand hypervisor lahf_lm abm 3dnowprefetch cpuid_fault pti ssbd ibrs ibpb tpr_shadow flexpriority ept vpid ept_ad fsgsbase tsc_adjust bmi1 avx2 smep bmi2 erms invpcid rdseed adx smap xsaveopt arat vnmi md_clear

Online cpus: 0-1
Offline cpus: 
BIOS frequency limitation: <Not Available>
Frequency switch latency (ns): <Not Available>
Available cpu frequencies: <Not Available>
Current governor: <Not Available>
Core performance/turbo boost: <Not Available>

Memory: 4k page, physical 4009244k(67132k free), swap 2097148k(1314204k free)
Page Sizes: 4k

vm_info: OpenJDK 64-Bit Server VM (21.0.9+10-Ubuntu-125.04) for linux-amd64 JRE (21.0.9+10-Ubuntu-125.04), built on 2025-10-23T12:19:27Z by "buildd" with gcc 14.2.0

END.
